<?xml version="1.0" encoding="UTF-8"?>
<metadata xml:lang="en"><Esri><CreaDate>20250530</CreaDate><CreaTime>17521700</CreaTime><ArcGISFormat>1.0</ArcGISFormat><SyncOnce>FALSE</SyncOnce><DataProperties><itemProps><itemName Sync="TRUE">data_raw</itemName><imsContentType Sync="TRUE">002</imsContentType><itemSize Sync="TRUE">0.000</itemSize><itemLocation><linkage Sync="TRUE">file://\\THELONIOUS\C$\Users\funkt\OneDrive\Desktop\firewise_application_v3\data\data_raw.shp</linkage><protocol Sync="TRUE">Local Area Network</protocol></itemLocation></itemProps><coordRef><type Sync="TRUE">Projected</type><geogcsn Sync="TRUE">GCS_WGS_1984</geogcsn><csUnits Sync="TRUE">Linear Unit: Meter (1.000000)</csUnits><projcsn Sync="TRUE">WGS_1984_Web_Mercator_Auxiliary_Sphere</projcsn><peXml Sync="TRUE">&lt;ProjectedCoordinateSystem xsi:type='typens:ProjectedCoordinateSystem' xmlns:xsi='http://www.w3.org/2001/XMLSchema-instance' xmlns:xs='http://www.w3.org/2001/XMLSchema' xmlns:typens='http://www.esri.com/schemas/ArcGIS/3.4.0'&gt;&lt;WKT&gt;PROJCS[&amp;quot;WGS_1984_Web_Mercator_Auxiliary_Sphere&amp;quot;,GEOGCS[&amp;quot;GCS_WGS_1984&amp;quot;,DATUM[&amp;quot;D_WGS_1984&amp;quot;,SPHEROID[&amp;quot;WGS_1984&amp;quot;,6378137.0,298.257223563]],PRIMEM[&amp;quot;Greenwich&amp;quot;,0.0],UNIT[&amp;quot;Degree&amp;quot;,0.0174532925199433]],PROJECTION[&amp;quot;Mercator_Auxiliary_Sphere&amp;quot;],PARAMETER[&amp;quot;False_Easting&amp;quot;,0.0],PARAMETER[&amp;quot;False_Northing&amp;quot;,0.0],PARAMETER[&amp;quot;Central_Meridian&amp;quot;,0.0],PARAMETER[&amp;quot;Standard_Parallel_1&amp;quot;,0.0],PARAMETER[&amp;quot;Auxiliary_Sphere_Type&amp;quot;,0.0],UNIT[&amp;quot;Meter&amp;quot;,1.0],AUTHORITY[&amp;quot;EPSG&amp;quot;,3857]]&lt;/WKT&gt;&lt;XOrigin&gt;-20037700&lt;/XOrigin&gt;&lt;YOrigin&gt;-30241100&lt;/YOrigin&gt;&lt;XYScale&gt;148923141.92838538&lt;/XYScale&gt;&lt;ZOrigin&gt;-100000&lt;/ZOrigin&gt;&lt;ZScale&gt;10000&lt;/ZScale&gt;&lt;MOrigin&gt;-100000&lt;/MOrigin&gt;&lt;MScale&gt;10000&lt;/MScale&gt;&lt;XYTolerance&gt;0.001&lt;/XYTolerance&gt;&lt;ZTolerance&gt;0.001&lt;/ZTolerance&gt;&lt;MTolerance&gt;0.001&lt;/MTolerance&gt;&lt;HighPrecision&gt;true&lt;/HighPrecision&gt;&lt;WKID&gt;102100&lt;/WKID&gt;&lt;LatestWKID&gt;3857&lt;/LatestWKID&gt;&lt;/ProjectedCoordinateSystem&gt;</peXml></coordRef><lineage><Process ToolSource="c:\program files\arcgis\pro\Resources\ArcToolbox\toolboxes\Analysis Tools.tbx\PairwiseClip" Date="20250530" Time="175223">PairwiseClip parcels_sce santabarbara_sce_area C:\Users\funkt\OneDrive\Desktop\cleaned_firewise\derived_data\SCE_zone\parcels_sce_clipped.shp #</Process><Process ToolSource="c:\program files\arcgis\pro\Resources\ArcToolbox\toolboxes\Conversion Tools.tbx\ExportFeatures" Date="20250530" Time="190704">ExportFeatures parcels_sce_clipped C:\Users\funkt\OneDrive\Desktop\cleaned_firewise\derived_data\SCE_zone\parcels_sce.shp # NOT_USE_ALIAS "APN "APN" true true false 80 Text 0 0,First,#,parcels_sce_clipped,APN,0,79;RollYear "RollYear" true true false 18 Double 0 18,First,#,parcels_sce_clipped,RollYear,-1,-1;Pct "Pct" true true false 19 Double 15 18,First,#,parcels_sce_clipped,Pct,-1,-1;Situs1 "Situs1" true true false 80 Text 0 0,First,#,parcels_sce_clipped,Situs1,0,79;Situs2 "Situs2" true true false 80 Text 0 0,First,#,parcels_sce_clipped,Situs2,0,79;Acreage "Acreage" true true false 19 Double 15 18,First,#,parcels_sce_clipped,Acreage,-1,-1;LandUse "LandUse" true true false 80 Text 0 0,First,#,parcels_sce_clipped,LandUse,0,79;UseCode "UseCode" true true false 80 Text 0 0,First,#,parcels_sce_clipped,UseCode,0,79;TRA "TRA" true true false 80 Text 0 0,First,#,parcels_sce_clipped,TRA,0,79;DocNum "DocNum" true true false 80 Text 0 0,First,#,parcels_sce_clipped,DocNum,0,79;DocDate "DocDate" true true false 80 Text 0 0,First,#,parcels_sce_clipped,DocDate,0,79;PctTransf "PctTransf" true true false 19 Double 15 18,First,#,parcels_sce_clipped,PctTransf,-1,-1;ValReason "ValReason" true true false 80 Text 0 0,First,#,parcels_sce_clipped,ValReason,0,79;NonTaxCode "NonTaxCode" true true false 80 Text 0 0,First,#,parcels_sce_clipped,NonTaxCode,0,79;SBENo "SBENo" true true false 80 Text 0 0,First,#,parcels_sce_clipped,SBENo,0,79;AgPres "AgPres" true true false 80 Text 0 0,First,#,parcels_sce_clipped,AgPres,0,79;LandValue "LandValue" true true false 18 Double 0 18,First,#,parcels_sce_clipped,LandValue,-1,-1;StrImpr "StrImpr" true true false 18 Double 0 18,First,#,parcels_sce_clipped,StrImpr,-1,-1;TradeFix "TradeFix" true true false 18 Double 0 18,First,#,parcels_sce_clipped,TradeFix,-1,-1;LivImpr "LivImpr" true true false 18 Double 0 18,First,#,parcels_sce_clipped,LivImpr,-1,-1;PerPropDec "PerPropDec" true true false 18 Double 0 18,First,#,parcels_sce_clipped,PerPropDec,-1,-1;PersPropUn "PersPropUn" true true false 18 Double 0 18,First,#,parcels_sce_clipped,PersPropUn,-1,-1;MobileHome "MobileHome" true true false 18 Double 0 18,First,#,parcels_sce_clipped,MobileHome,-1,-1;Exemptions "Exemptions" true true false 18 Double 0 18,First,#,parcels_sce_clipped,Exemptions,-1,-1;ExempCode "ExempCode" true true false 80 Text 0 0,First,#,parcels_sce_clipped,ExempCode,0,79;HomeOwEx "HomeOwEx" true true false 18 Double 0 18,First,#,parcels_sce_clipped,HomeOwEx,-1,-1;NetSecVal "NetSecVal" true true false 18 Double 0 18,First,#,parcels_sce_clipped,NetSecVal,-1,-1;Net_Impr "Net_Impr" true true false 18 Double 0 18,First,#,parcels_sce_clipped,Net_Impr,-1,-1;Net_Pers "Net_Pers" true true false 18 Double 0 18,First,#,parcels_sce_clipped,Net_Pers,-1,-1;Net_UNX "Net_UNX" true true false 18 Double 0 18,First,#,parcels_sce_clipped,Net_UNX,-1,-1;Net_AV "Net_AV" true true false 18 Double 0 18,First,#,parcels_sce_clipped,Net_AV,-1,-1;MNumber "MNumber" true true false 80 Text 0 0,First,#,parcels_sce_clipped,MNumber,0,79;MFrac "MFrac" true true false 80 Text 0 0,First,#,parcels_sce_clipped,MFrac,0,79;MDir "MDir" true true false 80 Text 0 0,First,#,parcels_sce_clipped,MDir,0,79;MStreet "MStreet" true true false 80 Text 0 0,First,#,parcels_sce_clipped,MStreet,0,79;MStrSuffix "MStrSuffix" true true false 80 Text 0 0,First,#,parcels_sce_clipped,MStrSuffix,0,79;MUnitType "MUnitType" true true false 80 Text 0 0,First,#,parcels_sce_clipped,MUnitType,0,79;MUnitNumb "MUnitNumb" true true false 80 Text 0 0,First,#,parcels_sce_clipped,MUnitNumb,0,79;POBox "POBox" true true false 80 Text 0 0,First,#,parcels_sce_clipped,POBox,0,79;MCity "MCity" true true false 80 Text 0 0,First,#,parcels_sce_clipped,MCity,0,79;MZip "MZip" true true false 80 Text 0 0,First,#,parcels_sce_clipped,MZip,0,79;MZipExt "MZipExt" true true false 80 Text 0 0,First,#,parcels_sce_clipped,MZipExt,0,79;MState "MState" true true false 80 Text 0 0,First,#,parcels_sce_clipped,MState,0,79;Country "Country" true true false 80 Text 0 0,First,#,parcels_sce_clipped,Country,0,79;SNum "SNum" true true false 80 Text 0 0,First,#,parcels_sce_clipped,SNum,0,79;SFra "SFra" true true false 80 Text 0 0,First,#,parcels_sce_clipped,SFra,0,79;SDir "SDir" true true false 80 Text 0 0,First,#,parcels_sce_clipped,SDir,0,79;SStreet "SStreet" true true false 80 Text 0 0,First,#,parcels_sce_clipped,SStreet,0,79;SStreetSuf "SStreetSuf" true true false 80 Text 0 0,First,#,parcels_sce_clipped,SStreetSuf,0,79;SUnitType "SUnitType" true true false 80 Text 0 0,First,#,parcels_sce_clipped,SUnitType,0,79;SUnitNumb "SUnitNumb" true true false 80 Text 0 0,First,#,parcels_sce_clipped,SUnitNumb,0,79;SCity "SCity" true true false 80 Text 0 0,First,#,parcels_sce_clipped,SCity,0,79;SZip "SZip" true true false 80 Text 0 0,First,#,parcels_sce_clipped,SZip,0,79;SZipExt "SZipExt" true true false 80 Text 0 0,First,#,parcels_sce_clipped,SZipExt,0,79;M_Address1 "M_Address1" true true false 80 Text 0 0,First,#,parcels_sce_clipped,M_Address1,0,79;M_Address2 "M_Address2" true true false 80 Text 0 0,First,#,parcels_sce_clipped,M_Address2,0,79;AsmRollId "AsmRollId" true true false 18 Double 0 18,First,#,parcels_sce_clipped,AsmRollId,-1,-1;Apn9 "Apn9" true true false 80 Text 0 0,First,#,parcels_sce_clipped,Apn9,0,79;PropID "PropID" true true false 80 Text 0 0,First,#,parcels_sce_clipped,PropID,0,79;SqFootage "SqFootage" true true false 18 Double 0 18,First,#,parcels_sce_clipped,SqFootage,-1,-1;YearBuilt "YearBuilt" true true false 80 Text 0 0,First,#,parcels_sce_clipped,YearBuilt,0,79;Bedrooms "Bedrooms" true true false 18 Double 0 18,First,#,parcels_sce_clipped,Bedrooms,-1,-1;Bathrooms "Bathrooms" true true false 19 Double 15 18,First,#,parcels_sce_clipped,Bathrooms,-1,-1;MapType "MapType" true true false 80 Text 0 0,First,#,parcels_sce_clipped,MapType,0,79;RecMapNum "RecMapNum" true true false 80 Text 0 0,First,#,parcels_sce_clipped,RecMapNum,0,79;TractName "TractName" true true false 80 Text 0 0,First,#,parcels_sce_clipped,TractName,0,79;RecMapBook "RecMapBook" true true false 80 Text 0 0,First,#,parcels_sce_clipped,RecMapBook,0,79;RecMapDate "RecMapDate" true true false 80 Text 0 0,First,#,parcels_sce_clipped,RecMapDate,0,79;BlockSecti "BlockSecti" true true false 80 Text 0 0,First,#,parcels_sce_clipped,BlockSecti,0,79;LotNum "LotNum" true true false 80 Text 0 0,First,#,parcels_sce_clipped,LotNum,0,79;UnitNum "UnitNum" true true false 80 Text 0 0,First,#,parcels_sce_clipped,UnitNum,0,79;Area "Area" true true false 19 Double 15 18,First,#,parcels_sce_clipped,Area,-1,-1;AreaUnit "AreaUnit" true true false 80 Text 0 0,First,#,parcels_sce_clipped,AreaUnit,0,79;Section "Section" true true false 9 Long 0 9,First,#,parcels_sce_clipped,Section,-1,-1;Township "Township" true true false 9 Long 0 9,First,#,parcels_sce_clipped,Township,-1,-1;Range "Range" true true false 9 Long 0 9,First,#,parcels_sce_clipped,Range,-1,-1;TaxBill "TaxBill" true true false 120 Text 0 0,First,#,parcels_sce_clipped,TaxBill,0,119;BkPgLnk "BkPgLnk" true true false 80 Text 0 0,First,#,parcels_sce_clipped,BkPgLnk,0,79;WEB_LINK "WEB_LINK" true true false 80 Text 0 0,First,#,parcels_sce_clipped,WEB_LINK,0,79" #</Process><Process ToolSource="c:\program files\arcgis\pro\Resources\ArcToolbox\toolboxes\Conversion Tools.tbx\ExportFeatures" Date="20250602" Time="090910">ExportFeatures parcels_sce C:\Users\funkt\OneDrive\Desktop\firewise_application_v3\data\data_raw.shp # NOT_USE_ALIAS "APN "APN" true true false 80 Text 0 0,First,#,parcels_sce,APN,0,79;RollYear "RollYear" true true false 18 Double 0 18,First,#,parcels_sce,RollYear,-1,-1;Pct "Pct" true true false 19 Double 15 18,First,#,parcels_sce,Pct,-1,-1;Situs1 "Situs1" true true false 80 Text 0 0,First,#,parcels_sce,Situs1,0,79;Situs2 "Situs2" true true false 80 Text 0 0,First,#,parcels_sce,Situs2,0,79;Acreage "Acreage" true true false 19 Double 15 18,First,#,parcels_sce,Acreage,-1,-1;LandUse "LandUse" true true false 80 Text 0 0,First,#,parcels_sce,LandUse,0,79;UseCode "UseCode" true true false 80 Text 0 0,First,#,parcels_sce,UseCode,0,79;TRA "TRA" true true false 80 Text 0 0,First,#,parcels_sce,TRA,0,79;DocNum "DocNum" true true false 80 Text 0 0,First,#,parcels_sce,DocNum,0,79;DocDate "DocDate" true true false 80 Text 0 0,First,#,parcels_sce,DocDate,0,79;PctTransf "PctTransf" true true false 19 Double 15 18,First,#,parcels_sce,PctTransf,-1,-1;ValReason "ValReason" true true false 80 Text 0 0,First,#,parcels_sce,ValReason,0,79;NonTaxCode "NonTaxCode" true true false 80 Text 0 0,First,#,parcels_sce,NonTaxCode,0,79;SBENo "SBENo" true true false 80 Text 0 0,First,#,parcels_sce,SBENo,0,79;AgPres "AgPres" true true false 80 Text 0 0,First,#,parcels_sce,AgPres,0,79;LandValue "LandValue" true true false 18 Double 0 18,First,#,parcels_sce,LandValue,-1,-1;StrImpr "StrImpr" true true false 18 Double 0 18,First,#,parcels_sce,StrImpr,-1,-1;TradeFix "TradeFix" true true false 18 Double 0 18,First,#,parcels_sce,TradeFix,-1,-1;LivImpr "LivImpr" true true false 18 Double 0 18,First,#,parcels_sce,LivImpr,-1,-1;PerPropDec "PerPropDec" true true false 18 Double 0 18,First,#,parcels_sce,PerPropDec,-1,-1;PersPropUn "PersPropUn" true true false 18 Double 0 18,First,#,parcels_sce,PersPropUn,-1,-1;MobileHome "MobileHome" true true false 18 Double 0 18,First,#,parcels_sce,MobileHome,-1,-1;Exemptions "Exemptions" true true false 18 Double 0 18,First,#,parcels_sce,Exemptions,-1,-1;ExempCode "ExempCode" true true false 80 Text 0 0,First,#,parcels_sce,ExempCode,0,79;HomeOwEx "HomeOwEx" true true false 18 Double 0 18,First,#,parcels_sce,HomeOwEx,-1,-1;NetSecVal "NetSecVal" true true false 18 Double 0 18,First,#,parcels_sce,NetSecVal,-1,-1;Net_Impr "Net_Impr" true true false 18 Double 0 18,First,#,parcels_sce,Net_Impr,-1,-1;Net_Pers "Net_Pers" true true false 18 Double 0 18,First,#,parcels_sce,Net_Pers,-1,-1;Net_UNX "Net_UNX" true true false 18 Double 0 18,First,#,parcels_sce,Net_UNX,-1,-1;Net_AV "Net_AV" true true false 18 Double 0 18,First,#,parcels_sce,Net_AV,-1,-1;MNumber "MNumber" true true false 80 Text 0 0,First,#,parcels_sce,MNumber,0,79;MFrac "MFrac" true true false 80 Text 0 0,First,#,parcels_sce,MFrac,0,79;MDir "MDir" true true false 80 Text 0 0,First,#,parcels_sce,MDir,0,79;MStreet "MStreet" true true false 80 Text 0 0,First,#,parcels_sce,MStreet,0,79;MStrSuffix "MStrSuffix" true true false 80 Text 0 0,First,#,parcels_sce,MStrSuffix,0,79;MUnitType "MUnitType" true true false 80 Text 0 0,First,#,parcels_sce,MUnitType,0,79;MUnitNumb "MUnitNumb" true true false 80 Text 0 0,First,#,parcels_sce,MUnitNumb,0,79;POBox "POBox" true true false 80 Text 0 0,First,#,parcels_sce,POBox,0,79;MCity "MCity" true true false 80 Text 0 0,First,#,parcels_sce,MCity,0,79;MZip "MZip" true true false 80 Text 0 0,First,#,parcels_sce,MZip,0,79;MZipExt "MZipExt" true true false 80 Text 0 0,First,#,parcels_sce,MZipExt,0,79;MState "MState" true true false 80 Text 0 0,First,#,parcels_sce,MState,0,79;Country "Country" true true false 80 Text 0 0,First,#,parcels_sce,Country,0,79;SNum "SNum" true true false 80 Text 0 0,First,#,parcels_sce,SNum,0,79;SFra "SFra" true true false 80 Text 0 0,First,#,parcels_sce,SFra,0,79;SDir "SDir" true true false 80 Text 0 0,First,#,parcels_sce,SDir,0,79;SStreet "SStreet" true true false 80 Text 0 0,First,#,parcels_sce,SStreet,0,79;SStreetSuf "SStreetSuf" true true false 80 Text 0 0,First,#,parcels_sce,SStreetSuf,0,79;SUnitType "SUnitType" true true false 80 Text 0 0,First,#,parcels_sce,SUnitType,0,79;SUnitNumb "SUnitNumb" true true false 80 Text 0 0,First,#,parcels_sce,SUnitNumb,0,79;SCity "SCity" true true false 80 Text 0 0,First,#,parcels_sce,SCity,0,79;SZip "SZip" true true false 80 Text 0 0,First,#,parcels_sce,SZip,0,79;SZipExt "SZipExt" true true false 80 Text 0 0,First,#,parcels_sce,SZipExt,0,79;M_Address1 "M_Address1" true true false 80 Text 0 0,First,#,parcels_sce,M_Address1,0,79;M_Address2 "M_Address2" true true false 80 Text 0 0,First,#,parcels_sce,M_Address2,0,79;AsmRollId "AsmRollId" true true false 18 Double 0 18,First,#,parcels_sce,AsmRollId,-1,-1;Apn9 "Apn9" true true false 80 Text 0 0,First,#,parcels_sce,Apn9,0,79;PropID "PropID" true true false 80 Text 0 0,First,#,parcels_sce,PropID,0,79;SqFootage "SqFootage" true true false 18 Double 0 18,First,#,parcels_sce,SqFootage,-1,-1;YearBuilt "YearBuilt" true true false 80 Text 0 0,First,#,parcels_sce,YearBuilt,0,79;Bedrooms "Bedrooms" true true false 18 Double 0 18,First,#,parcels_sce,Bedrooms,-1,-1;Bathrooms "Bathrooms" true true false 19 Double 15 18,First,#,parcels_sce,Bathrooms,-1,-1;MapType "MapType" true true false 80 Text 0 0,First,#,parcels_sce,MapType,0,79;RecMapNum "RecMapNum" true true false 80 Text 0 0,First,#,parcels_sce,RecMapNum,0,79;TractName "TractName" true true false 80 Text 0 0,First,#,parcels_sce,TractName,0,79;RecMapBook "RecMapBook" true true false 80 Text 0 0,First,#,parcels_sce,RecMapBook,0,79;RecMapDate "RecMapDate" true true false 80 Text 0 0,First,#,parcels_sce,RecMapDate,0,79;BlockSecti "BlockSecti" true true false 80 Text 0 0,First,#,parcels_sce,BlockSecti,0,79;LotNum "LotNum" true true false 80 Text 0 0,First,#,parcels_sce,LotNum,0,79;UnitNum "UnitNum" true true false 80 Text 0 0,First,#,parcels_sce,UnitNum,0,79;Area "Area" true true false 19 Double 15 18,First,#,parcels_sce,Area,-1,-1;AreaUnit "AreaUnit" true true false 80 Text 0 0,First,#,parcels_sce,AreaUnit,0,79;Section "Section" true true false 9 Long 0 9,First,#,parcels_sce,Section,-1,-1;Township "Township" true true false 9 Long 0 9,First,#,parcels_sce,Township,-1,-1;Range "Range" true true false 9 Long 0 9,First,#,parcels_sce,Range,-1,-1;TaxBill "TaxBill" true true false 120 Text 0 0,First,#,parcels_sce,TaxBill,0,119;BkPgLnk "BkPgLnk" true true false 80 Text 0 0,First,#,parcels_sce,BkPgLnk,0,79;WEB_LINK "WEB_LINK" true true false 80 Text 0 0,First,#,parcels_sce,WEB_LINK,0,79" #</Process></lineage></DataProperties><SyncDate>20250602</SyncDate><SyncTime>09090300</SyncTime><ModDate>20250602</ModDate><ModTime>09090300</ModTime></Esri><dataIdInfo><envirDesc Sync="TRUE">Microsoft Windows 10 Version 10.0 (Build 26100) ; Esri ArcGIS 13.4.0.55405</envirDesc><dataLang><languageCode value="eng" Sync="TRUE"></languageCode><countryCode value="USA" Sync="TRUE"></countryCode></dataLang><idCitation><resTitle Sync="TRUE">data_raw</resTitle><presForm><PresFormCd value="005" Sync="TRUE"></PresFormCd></presForm></idCitation><spatRpType><SpatRepTypCd value="001" Sync="TRUE"></SpatRepTypCd></spatRpType></dataIdInfo><mdLang><languageCode value="eng" Sync="TRUE"></languageCode><countryCode value="USA" Sync="TRUE"></countryCode></mdLang><mdChar><CharSetCd value="004" Sync="TRUE"></CharSetCd></mdChar><distInfo><distFormat><formatName Sync="TRUE">Shapefile</formatName></distFormat><distTranOps><transSize Sync="TRUE">0.000</transSize></distTranOps></distInfo><mdHrLv><ScopeCd value="005" Sync="TRUE"></ScopeCd></mdHrLv><mdHrLvName Sync="TRUE">dataset</mdHrLvName><refSysInfo><RefSystem><refSysID><identCode code="3857" Sync="TRUE"></identCode><idCodeSpace Sync="TRUE">EPSG</idCodeSpace><idVersion Sync="TRUE">6.18.3(9.3.1.2)</idVersion></refSysID></RefSystem></refSysInfo><spatRepInfo><VectSpatRep><geometObjs Name="data_raw"><geoObjTyp><GeoObjTypCd value="002" Sync="TRUE"></GeoObjTypCd></geoObjTyp><geoObjCnt Sync="TRUE">0</geoObjCnt></geometObjs><topLvl><TopoLevCd value="001" Sync="TRUE"></TopoLevCd></topLvl></VectSpatRep></spatRepInfo><spdoinfo><ptvctinf><esriterm Name="data_raw"><efeatyp Sync="TRUE">Simple</efeatyp><efeageom code="4" Sync="TRUE"></efeageom><esritopo Sync="TRUE">FALSE</esritopo><efeacnt Sync="TRUE">0</efeacnt><spindex Sync="TRUE">FALSE</spindex><linrefer Sync="TRUE">TRUE</linrefer></esriterm></ptvctinf></spdoinfo><eainfo><detailed Name="data_raw"><enttyp><enttypl Sync="TRUE">data_raw</enttypl><enttypt Sync="TRUE">Feature Class</enttypt><enttypc Sync="TRUE">0</enttypc></enttyp><attr><attrlabl Sync="TRUE">FID</attrlabl><attalias Sync="TRUE">FID</attalias><attrtype Sync="TRUE">OID</attrtype><attwidth Sync="TRUE">4</attwidth><atprecis Sync="TRUE">0</atprecis><attscale Sync="TRUE">0</attscale><attrdef Sync="TRUE">Internal feature number.</attrdef><attrdefs Sync="TRUE">Esri</attrdefs><attrdomv><udom Sync="TRUE">Sequential unique whole numbers that are automatically generated.</udom></attrdomv></attr><attr><attrlabl Sync="TRUE">Shape</attrlabl><attalias Sync="TRUE">Shape</attalias><attrtype Sync="TRUE">Geometry</attrtype><attwidth Sync="TRUE">0</attwidth><atprecis Sync="TRUE">0</atprecis><attscale Sync="TRUE">0</attscale><attrdef Sync="TRUE">Feature geometry.</attrdef><attrdefs Sync="TRUE">Esri</attrdefs><attrdomv><udom Sync="TRUE">Coordinates defining the features.</udom></attrdomv></attr><attr><attrlabl Sync="TRUE">APN</attrlabl><attalias Sync="TRUE">APN</attalias><attrtype Sync="TRUE">String</attrtype><attwidth Sync="TRUE">80</attwidth><atprecis Sync="TRUE">0</atprecis><attscale Sync="TRUE">0</attscale></attr><attr><attrlabl Sync="TRUE">RollYear</attrlabl><attalias Sync="TRUE">RollYear</attalias><attrtype Sync="TRUE">Double</attrtype><attwidth Sync="TRUE">18</attwidth><atprecis Sync="TRUE">18</atprecis><attscale Sync="TRUE">0</attscale></attr><attr><attrlabl Sync="TRUE">Pct</attrlabl><attalias Sync="TRUE">Pct</attalias><attrtype Sync="TRUE">Double</attrtype><attwidth Sync="TRUE">19</attwidth><atprecis Sync="TRUE">18</atprecis><attscale Sync="TRUE">15</attscale></attr><attr><attrlabl Sync="TRUE">Situs1</attrlabl><attalias Sync="TRUE">Situs1</attalias><attrtype Sync="TRUE">String</attrtype><attwidth Sync="TRUE">80</attwidth><atprecis Sync="TRUE">0</atprecis><attscale Sync="TRUE">0</attscale></attr><attr><attrlabl Sync="TRUE">Situs2</attrlabl><attalias Sync="TRUE">Situs2</attalias><attrtype Sync="TRUE">String</attrtype><attwidth Sync="TRUE">80</attwidth><atprecis Sync="TRUE">0</atprecis><attscale Sync="TRUE">0</attscale></attr><attr><attrlabl Sync="TRUE">Acreage</attrlabl><attalias Sync="TRUE">Acreage</attalias><attrtype Sync="TRUE">Double</attrtype><attwidth Sync="TRUE">19</attwidth><atprecis Sync="TRUE">18</atprecis><attscale Sync="TRUE">15</attscale></attr><attr><attrlabl Sync="TRUE">LandUse</attrlabl><attalias Sync="TRUE">LandUse</attalias><attrtype Sync="TRUE">String</attrtype><attwidth Sync="TRUE">80</attwidth><atprecis Sync="TRUE">0</atprecis><attscale Sync="TRUE">0</attscale></attr><attr><attrlabl Sync="TRUE">UseCode</attrlabl><attalias Sync="TRUE">UseCode</attalias><attrtype Sync="TRUE">String</attrtype><attwidth Sync="TRUE">80</attwidth><atprecis Sync="TRUE">0</atprecis><attscale Sync="TRUE">0</attscale></attr><attr><attrlabl Sync="TRUE">TRA</attrlabl><attalias Sync="TRUE">TRA</attalias><attrtype Sync="TRUE">String</attrtype><attwidth Sync="TRUE">80</attwidth><atprecis Sync="TRUE">0</atprecis><attscale Sync="TRUE">0</attscale></attr><attr><attrlabl Sync="TRUE">DocNum</attrlabl><attalias Sync="TRUE">DocNum</attalias><attrtype Sync="TRUE">String</attrtype><attwidth Sync="TRUE">80</attwidth><atprecis Sync="TRUE">0</atprecis><attscale Sync="TRUE">0</attscale></attr><attr><attrlabl Sync="TRUE">DocDate</attrlabl><attalias Sync="TRUE">DocDate</attalias><attrtype Sync="TRUE">String</attrtype><attwidth Sync="TRUE">80</attwidth><atprecis Sync="TRUE">0</atprecis><attscale Sync="TRUE">0</attscale></attr><attr><attrlabl Sync="TRUE">PctTransf</attrlabl><attalias Sync="TRUE">PctTransf</attalias><attrtype Sync="TRUE">Double</attrtype><attwidth Sync="TRUE">19</attwidth><atprecis Sync="TRUE">18</atprecis><attscale Sync="TRUE">15</attscale></attr><attr><attrlabl Sync="TRUE">ValReason</attrlabl><attalias Sync="TRUE">ValReason</attalias><attrtype Sync="TRUE">String</attrtype><attwidth Sync="TRUE">80</attwidth><atprecis Sync="TRUE">0</atprecis><attscale Sync="TRUE">0</attscale></attr><attr><attrlabl Sync="TRUE">NonTaxCode</attrlabl><attalias Sync="TRUE">NonTaxCode</attalias><attrtype Sync="TRUE">String</attrtype><attwidth Sync="TRUE">80</attwidth><atprecis Sync="TRUE">0</atprecis><attscale Sync="TRUE">0</attscale></attr><attr><attrlabl Sync="TRUE">SBENo</attrlabl><attalias Sync="TRUE">SBENo</attalias><attrtype Sync="TRUE">String</attrtype><attwidth Sync="TRUE">80</attwidth><atprecis Sync="TRUE">0</atprecis><attscale Sync="TRUE">0</attscale></attr><attr><attrlabl Sync="TRUE">AgPres</attrlabl><attalias Sync="TRUE">AgPres</attalias><attrtype Sync="TRUE">String</attrtype><attwidth Sync="TRUE">80</attwidth><atprecis Sync="TRUE">0</atprecis><attscale Sync="TRUE">0</attscale></attr><attr><attrlabl Sync="TRUE">LandValue</attrlabl><attalias Sync="TRUE">LandValue</attalias><attrtype Sync="TRUE">Double</attrtype><attwidth Sync="TRUE">18</attwidth><atprecis Sync="TRUE">18</atprecis><attscale Sync="TRUE">0</attscale></attr><attr><attrlabl Sync="TRUE">StrImpr</attrlabl><attalias Sync="TRUE">StrImpr</attalias><attrtype Sync="TRUE">Double</attrtype><attwidth Sync="TRUE">18</attwidth><atprecis Sync="TRUE">18</atprecis><attscale Sync="TRUE">0</attscale></attr><attr><attrlabl Sync="TRUE">TradeFix</attrlabl><attalias Sync="TRUE">TradeFix</attalias><attrtype Sync="TRUE">Double</attrtype><attwidth Sync="TRUE">18</attwidth><atprecis Sync="TRUE">18</atprecis><attscale Sync="TRUE">0</attscale></attr><attr><attrlabl Sync="TRUE">LivImpr</attrlabl><attalias Sync="TRUE">LivImpr</attalias><attrtype Sync="TRUE">Double</attrtype><attwidth Sync="TRUE">18</attwidth><atprecis Sync="TRUE">18</atprecis><attscale Sync="TRUE">0</attscale></attr><attr><attrlabl Sync="TRUE">PerPropDec</attrlabl><attalias Sync="TRUE">PerPropDec</attalias><attrtype Sync="TRUE">Double</attrtype><attwidth Sync="TRUE">18</attwidth><atprecis Sync="TRUE">18</atprecis><attscale Sync="TRUE">0</attscale></attr><attr><attrlabl Sync="TRUE">PersPropUn</attrlabl><attalias Sync="TRUE">PersPropUn</attalias><attrtype Sync="TRUE">Double</attrtype><attwidth Sync="TRUE">18</attwidth><atprecis Sync="TRUE">18</atprecis><attscale Sync="TRUE">0</attscale></attr><attr><attrlabl Sync="TRUE">MobileHome</attrlabl><attalias Sync="TRUE">MobileHome</attalias><attrtype Sync="TRUE">Double</attrtype><attwidth Sync="TRUE">18</attwidth><atprecis Sync="TRUE">18</atprecis><attscale Sync="TRUE">0</attscale></attr><attr><attrlabl Sync="TRUE">Exemptions</attrlabl><attalias Sync="TRUE">Exemptions</attalias><attrtype Sync="TRUE">Double</attrtype><attwidth Sync="TRUE">18</attwidth><atprecis Sync="TRUE">18</atprecis><attscale Sync="TRUE">0</attscale></attr><attr><attrlabl Sync="TRUE">ExempCode</attrlabl><attalias Sync="TRUE">ExempCode</attalias><attrtype Sync="TRUE">String</attrtype><attwidth Sync="TRUE">80</attwidth><atprecis Sync="TRUE">0</atprecis><attscale Sync="TRUE">0</attscale></attr><attr><attrlabl Sync="TRUE">HomeOwEx</attrlabl><attalias Sync="TRUE">HomeOwEx</attalias><attrtype Sync="TRUE">Double</attrtype><attwidth Sync="TRUE">18</attwidth><atprecis Sync="TRUE">18</atprecis><attscale Sync="TRUE">0</attscale></attr><attr><attrlabl Sync="TRUE">NetSecVal</attrlabl><attalias Sync="TRUE">NetSecVal</attalias><attrtype Sync="TRUE">Double</attrtype><attwidth Sync="TRUE">18</attwidth><atprecis Sync="TRUE">18</atprecis><attscale Sync="TRUE">0</attscale></attr><attr><attrlabl Sync="TRUE">Net_Impr</attrlabl><attalias Sync="TRUE">Net_Impr</attalias><attrtype Sync="TRUE">Double</attrtype><attwidth Sync="TRUE">18</attwidth><atprecis Sync="TRUE">18</atprecis><attscale Sync="TRUE">0</attscale></attr><attr><attrlabl Sync="TRUE">Net_Pers</attrlabl><attalias Sync="TRUE">Net_Pers</attalias><attrtype Sync="TRUE">Double</attrtype><attwidth Sync="TRUE">18</attwidth><atprecis Sync="TRUE">18</atprecis><attscale Sync="TRUE">0</attscale></attr><attr><attrlabl Sync="TRUE">Net_UNX</attrlabl><attalias Sync="TRUE">Net_UNX</attalias><attrtype Sync="TRUE">Double</attrtype><attwidth Sync="TRUE">18</attwidth><atprecis Sync="TRUE">18</atprecis><attscale Sync="TRUE">0</attscale></attr><attr><attrlabl Sync="TRUE">Net_AV</attrlabl><attalias Sync="TRUE">Net_AV</attalias><attrtype Sync="TRUE">Double</attrtype><attwidth Sync="TRUE">18</attwidth><atprecis Sync="TRUE">18</atprecis><attscale Sync="TRUE">0</attscale></attr><attr><attrlabl Sync="TRUE">MNumber</attrlabl><attalias Sync="TRUE">MNumber</attalias><attrtype Sync="TRUE">String</attrtype><attwidth Sync="TRUE">80</attwidth><atprecis Sync="TRUE">0</atprecis><attscale Sync="TRUE">0</attscale></attr><attr><attrlabl Sync="TRUE">MFrac</attrlabl><attalias Sync="TRUE">MFrac</attalias><attrtype Sync="TRUE">String</attrtype><attwidth Sync="TRUE">80</attwidth><atprecis Sync="TRUE">0</atprecis><attscale Sync="TRUE">0</attscale></attr><attr><attrlabl Sync="TRUE">MDir</attrlabl><attalias Sync="TRUE">MDir</attalias><attrtype Sync="TRUE">String</attrtype><attwidth Sync="TRUE">80</attwidth><atprecis Sync="TRUE">0</atprecis><attscale Sync="TRUE">0</attscale></attr><attr><attrlabl Sync="TRUE">MStreet</attrlabl><attalias Sync="TRUE">MStreet</attalias><attrtype Sync="TRUE">String</attrtype><attwidth Sync="TRUE">80</attwidth><atprecis Sync="TRUE">0</atprecis><attscale Sync="TRUE">0</attscale></attr><attr><attrlabl Sync="TRUE">MStrSuffix</attrlabl><attalias Sync="TRUE">MStrSuffix</attalias><attrtype Sync="TRUE">String</attrtype><attwidth Sync="TRUE">80</attwidth><atprecis Sync="TRUE">0</atprecis><attscale Sync="TRUE">0</attscale></attr><attr><attrlabl Sync="TRUE">MUnitType</attrlabl><attalias Sync="TRUE">MUnitType</attalias><attrtype Sync="TRUE">String</attrtype><attwidth Sync="TRUE">80</attwidth><atprecis Sync="TRUE">0</atprecis><attscale Sync="TRUE">0</attscale></attr><attr><attrlabl Sync="TRUE">MUnitNumb</attrlabl><attalias Sync="TRUE">MUnitNumb</attalias><attrtype Sync="TRUE">String</attrtype><attwidth Sync="TRUE">80</attwidth><atprecis Sync="TRUE">0</atprecis><attscale Sync="TRUE">0</attscale></attr><attr><attrlabl Sync="TRUE">POBox</attrlabl><attalias Sync="TRUE">POBox</attalias><attrtype Sync="TRUE">String</attrtype><attwidth Sync="TRUE">80</attwidth><atprecis Sync="TRUE">0</atprecis><attscale Sync="TRUE">0</attscale></attr><attr><attrlabl Sync="TRUE">MCity</attrlabl><attalias Sync="TRUE">MCity</attalias><attrtype Sync="TRUE">String</attrtype><attwidth Sync="TRUE">80</attwidth><atprecis Sync="TRUE">0</atprecis><attscale Sync="TRUE">0</attscale></attr><attr><attrlabl Sync="TRUE">MZip</attrlabl><attalias Sync="TRUE">MZip</attalias><attrtype Sync="TRUE">String</attrtype><attwidth Sync="TRUE">80</attwidth><atprecis Sync="TRUE">0</atprecis><attscale Sync="TRUE">0</attscale></attr><attr><attrlabl Sync="TRUE">MZipExt</attrlabl><attalias Sync="TRUE">MZipExt</attalias><attrtype Sync="TRUE">String</attrtype><attwidth Sync="TRUE">80</attwidth><atprecis Sync="TRUE">0</atprecis><attscale Sync="TRUE">0</attscale></attr><attr><attrlabl Sync="TRUE">MState</attrlabl><attalias Sync="TRUE">MState</attalias><attrtype Sync="TRUE">String</attrtype><attwidth Sync="TRUE">80</attwidth><atprecis Sync="TRUE">0</atprecis><attscale Sync="TRUE">0</attscale></attr><attr><attrlabl Sync="TRUE">Country</attrlabl><attalias Sync="TRUE">Country</attalias><attrtype Sync="TRUE">String</attrtype><attwidth Sync="TRUE">80</attwidth><atprecis Sync="TRUE">0</atprecis><attscale Sync="TRUE">0</attscale></attr><attr><attrlabl Sync="TRUE">SNum</attrlabl><attalias Sync="TRUE">SNum</attalias><attrtype Sync="TRUE">String</attrtype><attwidth Sync="TRUE">80</attwidth><atprecis Sync="TRUE">0</atprecis><attscale Sync="TRUE">0</attscale></attr><attr><attrlabl Sync="TRUE">SFra</attrlabl><attalias Sync="TRUE">SFra</attalias><attrtype Sync="TRUE">String</attrtype><attwidth Sync="TRUE">80</attwidth><atprecis Sync="TRUE">0</atprecis><attscale Sync="TRUE">0</attscale></attr><attr><attrlabl Sync="TRUE">SDir</attrlabl><attalias Sync="TRUE">SDir</attalias><attrtype Sync="TRUE">String</attrtype><attwidth Sync="TRUE">80</attwidth><atprecis Sync="TRUE">0</atprecis><attscale Sync="TRUE">0</attscale></attr><attr><attrlabl Sync="TRUE">SStreet</attrlabl><attalias Sync="TRUE">SStreet</attalias><attrtype Sync="TRUE">String</attrtype><attwidth Sync="TRUE">80</attwidth><atprecis Sync="TRUE">0</atprecis><attscale Sync="TRUE">0</attscale></attr><attr><attrlabl Sync="TRUE">SStreetSuf</attrlabl><attalias Sync="TRUE">SStreetSuf</attalias><attrtype Sync="TRUE">String</attrtype><attwidth Sync="TRUE">80</attwidth><atprecis Sync="TRUE">0</atprecis><attscale Sync="TRUE">0</attscale></attr><attr><attrlabl Sync="TRUE">SUnitType</attrlabl><attalias Sync="TRUE">SUnitType</attalias><attrtype Sync="TRUE">String</attrtype><attwidth Sync="TRUE">80</attwidth><atprecis Sync="TRUE">0</atprecis><attscale Sync="TRUE">0</attscale></attr><attr><attrlabl Sync="TRUE">SUnitNumb</attrlabl><attalias Sync="TRUE">SUnitNumb</attalias><attrtype Sync="TRUE">String</attrtype><attwidth Sync="TRUE">80</attwidth><atprecis Sync="TRUE">0</atprecis><attscale Sync="TRUE">0</attscale></attr><attr><attrlabl Sync="TRUE">SCity</attrlabl><attalias Sync="TRUE">SCity</attalias><attrtype Sync="TRUE">String</attrtype><attwidth Sync="TRUE">80</attwidth><atprecis Sync="TRUE">0</atprecis><attscale Sync="TRUE">0</attscale></attr><attr><attrlabl Sync="TRUE">SZip</attrlabl><attalias Sync="TRUE">SZip</attalias><attrtype Sync="TRUE">String</attrtype><attwidth Sync="TRUE">80</attwidth><atprecis Sync="TRUE">0</atprecis><attscale Sync="TRUE">0</attscale></attr><attr><attrlabl Sync="TRUE">SZipExt</attrlabl><attalias Sync="TRUE">SZipExt</attalias><attrtype Sync="TRUE">String</attrtype><attwidth Sync="TRUE">80</attwidth><atprecis Sync="TRUE">0</atprecis><attscale Sync="TRUE">0</attscale></attr><attr><attrlabl Sync="TRUE">M_Address1</attrlabl><attalias Sync="TRUE">M_Address1</attalias><attrtype Sync="TRUE">String</attrtype><attwidth Sync="TRUE">80</attwidth><atprecis Sync="TRUE">0</atprecis><attscale Sync="TRUE">0</attscale></attr><attr><attrlabl Sync="TRUE">M_Address2</attrlabl><attalias Sync="TRUE">M_Address2</attalias><attrtype Sync="TRUE">String</attrtype><attwidth Sync="TRUE">80</attwidth><atprecis Sync="TRUE">0</atprecis><attscale Sync="TRUE">0</attscale></attr><attr><attrlabl Sync="TRUE">AsmRollId</attrlabl><attalias Sync="TRUE">AsmRollId</attalias><attrtype Sync="TRUE">Double</attrtype><attwidth Sync="TRUE">18</attwidth><atprecis Sync="TRUE">18</atprecis><attscale Sync="TRUE">0</attscale></attr><attr><attrlabl Sync="TRUE">Apn9</attrlabl><attalias Sync="TRUE">Apn9</attalias><attrtype Sync="TRUE">String</attrtype><attwidth Sync="TRUE">80</attwidth><atprecis Sync="TRUE">0</atprecis><attscale Sync="TRUE">0</attscale></attr><attr><attrlabl Sync="TRUE">PropID</attrlabl><attalias Sync="TRUE">PropID</attalias><attrtype Sync="TRUE">String</attrtype><attwidth Sync="TRUE">80</attwidth><atprecis Sync="TRUE">0</atprecis><attscale Sync="TRUE">0</attscale></attr><attr><attrlabl Sync="TRUE">SqFootage</attrlabl><attalias Sync="TRUE">SqFootage</attalias><attrtype Sync="TRUE">Double</attrtype><attwidth Sync="TRUE">18</attwidth><atprecis Sync="TRUE">18</atprecis><attscale Sync="TRUE">0</attscale></attr><attr><attrlabl Sync="TRUE">YearBuilt</attrlabl><attalias Sync="TRUE">YearBuilt</attalias><attrtype Sync="TRUE">String</attrtype><attwidth Sync="TRUE">80</attwidth><atprecis Sync="TRUE">0</atprecis><attscale Sync="TRUE">0</attscale></attr><attr><attrlabl Sync="TRUE">Bedrooms</attrlabl><attalias Sync="TRUE">Bedrooms</attalias><attrtype Sync="TRUE">Double</attrtype><attwidth Sync="TRUE">18</attwidth><atprecis Sync="TRUE">18</atprecis><attscale Sync="TRUE">0</attscale></attr><attr><attrlabl Sync="TRUE">Bathrooms</attrlabl><attalias Sync="TRUE">Bathrooms</attalias><attrtype Sync="TRUE">Double</attrtype><attwidth Sync="TRUE">19</attwidth><atprecis Sync="TRUE">18</atprecis><attscale Sync="TRUE">15</attscale></attr><attr><attrlabl Sync="TRUE">MapType</attrlabl><attalias Sync="TRUE">MapType</attalias><attrtype Sync="TRUE">String</attrtype><attwidth Sync="TRUE">80</attwidth><atprecis Sync="TRUE">0</atprecis><attscale Sync="TRUE">0</attscale></attr><attr><attrlabl Sync="TRUE">RecMapNum</attrlabl><attalias Sync="TRUE">RecMapNum</attalias><attrtype Sync="TRUE">String</attrtype><attwidth Sync="TRUE">80</attwidth><atprecis Sync="TRUE">0</atprecis><attscale Sync="TRUE">0</attscale></attr><attr><attrlabl Sync="TRUE">TractName</attrlabl><attalias Sync="TRUE">TractName</attalias><attrtype Sync="TRUE">String</attrtype><attwidth Sync="TRUE">80</attwidth><atprecis Sync="TRUE">0</atprecis><attscale Sync="TRUE">0</attscale></attr><attr><attrlabl Sync="TRUE">RecMapBook</attrlabl><attalias Sync="TRUE">RecMapBook</attalias><attrtype Sync="TRUE">String</attrtype><attwidth Sync="TRUE">80</attwidth><atprecis Sync="TRUE">0</atprecis><attscale Sync="TRUE">0</attscale></attr><attr><attrlabl Sync="TRUE">RecMapDate</attrlabl><attalias Sync="TRUE">RecMapDate</attalias><attrtype Sync="TRUE">String</attrtype><attwidth Sync="TRUE">80</attwidth><atprecis Sync="TRUE">0</atprecis><attscale Sync="TRUE">0</attscale></attr><attr><attrlabl Sync="TRUE">BlockSecti</attrlabl><attalias Sync="TRUE">BlockSecti</attalias><attrtype Sync="TRUE">String</attrtype><attwidth Sync="TRUE">80</attwidth><atprecis Sync="TRUE">0</atprecis><attscale Sync="TRUE">0</attscale></attr><attr><attrlabl Sync="TRUE">LotNum</attrlabl><attalias Sync="TRUE">LotNum</attalias><attrtype Sync="TRUE">String</attrtype><attwidth Sync="TRUE">80</attwidth><atprecis Sync="TRUE">0</atprecis><attscale Sync="TRUE">0</attscale></attr><attr><attrlabl Sync="TRUE">UnitNum</attrlabl><attalias Sync="TRUE">UnitNum</attalias><attrtype Sync="TRUE">String</attrtype><attwidth Sync="TRUE">80</attwidth><atprecis Sync="TRUE">0</atprecis><attscale Sync="TRUE">0</attscale></attr><attr><attrlabl Sync="TRUE">Area</attrlabl><attalias Sync="TRUE">Area</attalias><attrtype Sync="TRUE">Double</attrtype><attwidth Sync="TRUE">19</attwidth><atprecis Sync="TRUE">18</atprecis><attscale Sync="TRUE">15</attscale></attr><attr><attrlabl Sync="TRUE">AreaUnit</attrlabl><attalias Sync="TRUE">AreaUnit</attalias><attrtype Sync="TRUE">String</attrtype><attwidth Sync="TRUE">80</attwidth><atprecis Sync="TRUE">0</atprecis><attscale Sync="TRUE">0</attscale></attr><attr><attrlabl Sync="TRUE">Section</attrlabl><attalias Sync="TRUE">Section</attalias><attrtype Sync="TRUE">Integer</attrtype><attwidth Sync="TRUE">9</attwidth><atprecis Sync="TRUE">9</atprecis><attscale Sync="TRUE">0</attscale></attr><attr><attrlabl Sync="TRUE">Township</attrlabl><attalias Sync="TRUE">Township</attalias><attrtype Sync="TRUE">Integer</attrtype><attwidth Sync="TRUE">9</attwidth><atprecis Sync="TRUE">9</atprecis><attscale Sync="TRUE">0</attscale></attr><attr><attrlabl Sync="TRUE">Range</attrlabl><attalias Sync="TRUE">Range</attalias><attrtype Sync="TRUE">Integer</attrtype><attwidth Sync="TRUE">9</attwidth><atprecis Sync="TRUE">9</atprecis><attscale Sync="TRUE">0</attscale></attr><attr><attrlabl Sync="TRUE">TaxBill</attrlabl><attalias Sync="TRUE">TaxBill</attalias><attrtype Sync="TRUE">String</attrtype><attwidth Sync="TRUE">120</attwidth><atprecis Sync="TRUE">0</atprecis><attscale Sync="TRUE">0</attscale></attr><attr><attrlabl Sync="TRUE">BkPgLnk</attrlabl><attalias Sync="TRUE">BkPgLnk</attalias><attrtype Sync="TRUE">String</attrtype><attwidth Sync="TRUE">80</attwidth><atprecis Sync="TRUE">0</atprecis><attscale Sync="TRUE">0</attscale></attr><attr><attrlabl Sync="TRUE">WEB_LINK</attrlabl><attalias Sync="TRUE">WEB_LINK</attalias><attrtype Sync="TRUE">String</attrtype><attwidth Sync="TRUE">80</attwidth><atprecis Sync="TRUE">0</atprecis><attscale Sync="TRUE">0</attscale></attr></detailed></eainfo><mdDateSt Sync="TRUE">20250602</mdDateSt></metadata>
