<metadata xml:lang="en"><Esri><CreaDate>20250409</CreaDate><CreaTime>16212800</CreaTime><ArcGISFormat>1.0</ArcGISFormat><SyncOnce>FALSE</SyncOnce><DataProperties><itemProps><itemName Sync="TRUE">firewise</itemName><imsContentType Sync="TRUE">002</imsContentType><itemLocation><linkage Sync="TRUE">file://\\THELONIOUS\C$\Users\funkt\OneDrive\Desktop\firewise_application_v3\data\firewise.shp</linkage><protocol Sync="TRUE">Local Area Network</protocol></itemLocation><itemSize Sync="TRUE">0.000</itemSize></itemProps><coordRef><type Sync="TRUE">Projected</type><geogcsn Sync="TRUE">GCS_North_American_1983</geogcsn><csUnits Sync="TRUE">Linear Unit: Foot_US (0.304801)</csUnits><projcsn Sync="TRUE">NAD_1983_StatePlane_California_V_FIPS_0405_Feet</projcsn><peXml Sync="TRUE">&lt;ProjectedCoordinateSystem xsi:type='typens:ProjectedCoordinateSystem' xmlns:xsi='http://www.w3.org/2001/XMLSchema-instance' xmlns:xs='http://www.w3.org/2001/XMLSchema' xmlns:typens='http://www.esri.com/schemas/ArcGIS/3.4.0'&gt;&lt;WKT&gt;PROJCS[&amp;quot;NAD_1983_StatePlane_California_V_FIPS_0405_Feet&amp;quot;,GEOGCS[&amp;quot;GCS_North_American_1983&amp;quot;,DATUM[&amp;quot;D_North_American_1983&amp;quot;,SPHEROID[&amp;quot;GRS_1980&amp;quot;,6378137.0,298.257222101]],PRIMEM[&amp;quot;Greenwich&amp;quot;,0.0],UNIT[&amp;quot;Degree&amp;quot;,0.0174532925199433]],PROJECTION[&amp;quot;Lambert_Conformal_Conic&amp;quot;],PARAMETER[&amp;quot;False_Easting&amp;quot;,6561666.666666666],PARAMETER[&amp;quot;False_Northing&amp;quot;,1640416.666666667],PARAMETER[&amp;quot;Central_Meridian&amp;quot;,-118.0],PARAMETER[&amp;quot;Standard_Parallel_1&amp;quot;,34.03333333333333],PARAMETER[&amp;quot;Standard_Parallel_2&amp;quot;,35.46666666666667],PARAMETER[&amp;quot;Latitude_Of_Origin&amp;quot;,33.5],UNIT[&amp;quot;Foot_US&amp;quot;,0.3048006096012192],AUTHORITY[&amp;quot;EPSG&amp;quot;,2229]]&lt;/WKT&gt;&lt;XOrigin&gt;-117608900&lt;/XOrigin&gt;&lt;YOrigin&gt;-91881400&lt;/YOrigin&gt;&lt;XYScale&gt;36269466.692146368&lt;/XYScale&gt;&lt;ZOrigin&gt;-100000&lt;/ZOrigin&gt;&lt;ZScale&gt;10000&lt;/ZScale&gt;&lt;MOrigin&gt;-100000&lt;/MOrigin&gt;&lt;MScale&gt;10000&lt;/MScale&gt;&lt;XYTolerance&gt;0.0032808333333333331&lt;/XYTolerance&gt;&lt;ZTolerance&gt;0.001&lt;/ZTolerance&gt;&lt;MTolerance&gt;0.001&lt;/MTolerance&gt;&lt;HighPrecision&gt;true&lt;/HighPrecision&gt;&lt;WKID&gt;102645&lt;/WKID&gt;&lt;LatestWKID&gt;2229&lt;/LatestWKID&gt;&lt;/ProjectedCoordinateSystem&gt;</peXml></coordRef><lineage><Process ToolSource="c:\program files\arcgis\pro\Resources\ArcToolbox\toolboxes\Conversion Tools.tbx\ExportFeatures" Date="20240712" Time="143302">ExportFeatures AssessorParcels_20210708_CLOSEDROLL_parsed "C:\SBCFSC GIS\FireWiseTemplates\FireWiseTemplates\FireWiseTemplates.gdb\Parcles" # NOT_USE_ALIAS "OBJECTI "OBJECTI" true true false 24 Double 15 23,First,#,AssessorParcels_20210708_CLOSEDROLL_parsed,OBJECTI,-1,-1;APN "APN" true true false 80 Text 0 0,First,#,AssessorParcels_20210708_CLOSEDROLL_parsed,APN,0,79;LAYER "LAYER" true true false 80 Text 0 0,First,#,AssessorParcels_20210708_CLOSEDROLL_parsed,LAYER,0,79;Owner "Owner" true true false 100 Text 0 0,First,#,AssessorParcels_20210708_CLOSEDROLL_parsed,Owner,0,99;Pct "Pct" true true false 24 Double 15 23,First,#,AssessorParcels_20210708_CLOSEDROLL_parsed,Pct,-1,-1;ConOwnr "ConOwnr" true true false 80 Text 0 0,First,#,AssessorParcels_20210708_CLOSEDROLL_parsed,ConOwnr,0,79;Situs1 "Situs1" true true false 80 Text 0 0,First,#,AssessorParcels_20210708_CLOSEDROLL_parsed,Situs1,0,79;Sts1_nm "Sts1_nm" true true false 80 Text 0 0,First,#,AssessorParcels_20210708_CLOSEDROLL_parsed,Sts1_nm,0,79;Sts1_st "Sts1_st" true true false 80 Text 0 0,First,#,AssessorParcels_20210708_CLOSEDROLL_parsed,Sts1_st,0,79;Situs2 "Situs2" true true false 80 Text 0 0,First,#,AssessorParcels_20210708_CLOSEDROLL_parsed,Situs2,0,79;Acreage "Acreage" true true false 24 Double 15 23,First,#,AssessorParcels_20210708_CLOSEDROLL_parsed,Acreage,-1,-1;LandUse "LandUse" true true false 80 Text 0 0,First,#,AssessorParcels_20210708_CLOSEDROLL_parsed,LandUse,0,79;UseCode "UseCode" true true false 80 Text 0 0,First,#,AssessorParcels_20210708_CLOSEDROLL_parsed,UseCode,0,79;TRA "TRA" true true false 80 Text 0 0,First,#,AssessorParcels_20210708_CLOSEDROLL_parsed,TRA,0,79;DocNum "DocNum" true true false 80 Text 0 0,First,#,AssessorParcels_20210708_CLOSEDROLL_parsed,DocNum,0,79;DocDate "DocDate" true true false 8 Date 0 0,First,#,AssessorParcels_20210708_CLOSEDROLL_parsed,DocDate,-1,-1;PctTrns "PctTrns" true true false 24 Double 15 23,First,#,AssessorParcels_20210708_CLOSEDROLL_parsed,PctTrns,-1,-1;ValResn "ValResn" true true false 80 Text 0 0,First,#,AssessorParcels_20210708_CLOSEDROLL_parsed,ValResn,0,79;NonTxCd "NonTxCd" true true false 80 Text 0 0,First,#,AssessorParcels_20210708_CLOSEDROLL_parsed,NonTxCd,0,79;SBENo "SBENo" true true false 80 Text 0 0,First,#,AssessorParcels_20210708_CLOSEDROLL_parsed,SBENo,0,79;AgPres "AgPres" true true false 80 Text 0 0,First,#,AssessorParcels_20210708_CLOSEDROLL_parsed,AgPres,0,79;LandVal "LandVal" true true false 24 Double 15 23,First,#,AssessorParcels_20210708_CLOSEDROLL_parsed,LandVal,-1,-1;StrImpr "StrImpr" true true false 24 Double 15 23,First,#,AssessorParcels_20210708_CLOSEDROLL_parsed,StrImpr,-1,-1;TradeFx "TradeFx" true true false 24 Double 15 23,First,#,AssessorParcels_20210708_CLOSEDROLL_parsed,TradeFx,-1,-1;LivImpr "LivImpr" true true false 24 Double 15 23,First,#,AssessorParcels_20210708_CLOSEDROLL_parsed,LivImpr,-1,-1;PrPrpDc "PrPrpDc" true true false 24 Double 15 23,First,#,AssessorParcels_20210708_CLOSEDROLL_parsed,PrPrpDc,-1,-1;PrsPrpU "PrsPrpU" true true false 24 Double 15 23,First,#,AssessorParcels_20210708_CLOSEDROLL_parsed,PrsPrpU,-1,-1;MobilHm "MobilHm" true true false 24 Double 15 23,First,#,AssessorParcels_20210708_CLOSEDROLL_parsed,MobilHm,-1,-1;Exmptns "Exmptns" true true false 24 Double 15 23,First,#,AssessorParcels_20210708_CLOSEDROLL_parsed,Exmptns,-1,-1;ExempCd "ExempCd" true true false 80 Text 0 0,First,#,AssessorParcels_20210708_CLOSEDROLL_parsed,ExempCd,0,79;HomOwEx "HomOwEx" true true false 24 Double 15 23,First,#,AssessorParcels_20210708_CLOSEDROLL_parsed,HomOwEx,-1,-1;NetScVl "NetScVl" true true false 24 Double 15 23,First,#,AssessorParcels_20210708_CLOSEDROLL_parsed,NetScVl,-1,-1;Nt_Impr "Nt_Impr" true true false 24 Double 15 23,First,#,AssessorParcels_20210708_CLOSEDROLL_parsed,Nt_Impr,-1,-1;Net_Prs "Net_Prs" true true false 24 Double 15 23,First,#,AssessorParcels_20210708_CLOSEDROLL_parsed,Net_Prs,-1,-1;Net_UNX "Net_UNX" true true false 24 Double 15 23,First,#,AssessorParcels_20210708_CLOSEDROLL_parsed,Net_UNX,-1,-1;Net_AV "Net_AV" true true false 24 Double 15 23,First,#,AssessorParcels_20210708_CLOSEDROLL_parsed,Net_AV,-1,-1;MailX1 "MailX1" true true false 80 Text 0 0,First,#,AssessorParcels_20210708_CLOSEDROLL_parsed,MailX1,0,79;MailX2 "MailX2" true true false 80 Text 0 0,First,#,AssessorParcels_20210708_CLOSEDROLL_parsed,MailX2,0,79;MNumber "MNumber" true true false 80 Text 0 0,First,#,AssessorParcels_20210708_CLOSEDROLL_parsed,MNumber,0,79;MFrac "MFrac" true true false 80 Text 0 0,First,#,AssessorParcels_20210708_CLOSEDROLL_parsed,MFrac,0,79;MDir "MDir" true true false 80 Text 0 0,First,#,AssessorParcels_20210708_CLOSEDROLL_parsed,MDir,0,79;MStreet "MStreet" true true false 80 Text 0 0,First,#,AssessorParcels_20210708_CLOSEDROLL_parsed,MStreet,0,79;MStrSff "MStrSff" true true false 80 Text 0 0,First,#,AssessorParcels_20210708_CLOSEDROLL_parsed,MStrSff,0,79;MUntTyp "MUntTyp" true true false 80 Text 0 0,First,#,AssessorParcels_20210708_CLOSEDROLL_parsed,MUntTyp,0,79;MUntNmb "MUntNmb" true true false 80 Text 0 0,First,#,AssessorParcels_20210708_CLOSEDROLL_parsed,MUntNmb,0,79;POBox "POBox" true true false 80 Text 0 0,First,#,AssessorParcels_20210708_CLOSEDROLL_parsed,POBox,0,79;MCity "MCity" true true false 80 Text 0 0,First,#,AssessorParcels_20210708_CLOSEDROLL_parsed,MCity,0,79;MZip "MZip" true true false 80 Text 0 0,First,#,AssessorParcels_20210708_CLOSEDROLL_parsed,MZip,0,79;MZipExt "MZipExt" true true false 80 Text 0 0,First,#,AssessorParcels_20210708_CLOSEDROLL_parsed,MZipExt,0,79;MState "MState" true true false 80 Text 0 0,First,#,AssessorParcels_20210708_CLOSEDROLL_parsed,MState,0,79;Country "Country" true true false 80 Text 0 0,First,#,AssessorParcels_20210708_CLOSEDROLL_parsed,Country,0,79;SNum "SNum" true true false 80 Text 0 0,First,#,AssessorParcels_20210708_CLOSEDROLL_parsed,SNum,0,79;SFra "SFra" true true false 80 Text 0 0,First,#,AssessorParcels_20210708_CLOSEDROLL_parsed,SFra,0,79;SDir "SDir" true true false 80 Text 0 0,First,#,AssessorParcels_20210708_CLOSEDROLL_parsed,SDir,0,79;SStreet "SStreet" true true false 80 Text 0 0,First,#,AssessorParcels_20210708_CLOSEDROLL_parsed,SStreet,0,79;SStrtSf "SStrtSf" true true false 80 Text 0 0,First,#,AssessorParcels_20210708_CLOSEDROLL_parsed,SStrtSf,0,79;SUntTyp "SUntTyp" true true false 80 Text 0 0,First,#,AssessorParcels_20210708_CLOSEDROLL_parsed,SUntTyp,0,79;SUntNmb "SUntNmb" true true false 80 Text 0 0,First,#,AssessorParcels_20210708_CLOSEDROLL_parsed,SUntNmb,0,79;SCity "SCity" true true false 80 Text 0 0,First,#,AssessorParcels_20210708_CLOSEDROLL_parsed,SCity,0,79;SZip "SZip" true true false 80 Text 0 0,First,#,AssessorParcels_20210708_CLOSEDROLL_parsed,SZip,0,79;SZipExt "SZipExt" true true false 80 Text 0 0,First,#,AssessorParcels_20210708_CLOSEDROLL_parsed,SZipExt,0,79;M_Addr1 "M_Addr1" true true false 80 Text 0 0,First,#,AssessorParcels_20210708_CLOSEDROLL_parsed,M_Addr1,0,79;M_Addr2 "M_Addr2" true true false 80 Text 0 0,First,#,AssessorParcels_20210708_CLOSEDROLL_parsed,M_Addr2,0,79;AsmRllI "AsmRllI" true true false 24 Double 15 23,First,#,AssessorParcels_20210708_CLOSEDROLL_parsed,AsmRllI,-1,-1;Apn9 "Apn9" true true false 80 Text 0 0,First,#,AssessorParcels_20210708_CLOSEDROLL_parsed,Apn9,0,79;PropID "PropID" true true false 80 Text 0 0,First,#,AssessorParcels_20210708_CLOSEDROLL_parsed,PropID,0,79;SqFootg "SqFootg" true true false 24 Double 15 23,First,#,AssessorParcels_20210708_CLOSEDROLL_parsed,SqFootg,-1,-1;YearBlt "YearBlt" true true false 80 Text 0 0,First,#,AssessorParcels_20210708_CLOSEDROLL_parsed,YearBlt,0,79;Bedroms "Bedroms" true true false 24 Double 15 23,First,#,AssessorParcels_20210708_CLOSEDROLL_parsed,Bedroms,-1,-1;Bathrms "Bathrms" true true false 24 Double 15 23,First,#,AssessorParcels_20210708_CLOSEDROLL_parsed,Bathrms,-1,-1;WEB_LIN "WEB_LIN" true true false 80 Text 0 0,First,#,AssessorParcels_20210708_CLOSEDROLL_parsed,WEB_LIN,0,79;GEN_INQ "GEN_INQ" true true false 128 Text 0 0,First,#,AssessorParcels_20210708_CLOSEDROLL_parsed,GEN_INQ,0,127;BkPgLnk "BkPgLnk" true true false 80 Text 0 0,First,#,AssessorParcels_20210708_CLOSEDROLL_parsed,BkPgLnk,0,79;TaxBill "TaxBill" true true false 156 Text 0 0,First,#,AssessorParcels_20210708_CLOSEDROLL_parsed,TaxBill,0,155;MapType "MapType" true true false 80 Text 0 0,First,#,AssessorParcels_20210708_CLOSEDROLL_parsed,MapType,0,79;RecMpNm "RecMpNm" true true false 80 Text 0 0,First,#,AssessorParcels_20210708_CLOSEDROLL_parsed,RecMpNm,0,79;TractNm "TractNm" true true false 80 Text 0 0,First,#,AssessorParcels_20210708_CLOSEDROLL_parsed,TractNm,0,79;RecMpBk "RecMpBk" true true false 80 Text 0 0,First,#,AssessorParcels_20210708_CLOSEDROLL_parsed,RecMpBk,0,79;RecMpDt "RecMpDt" true true false 8 Date 0 0,First,#,AssessorParcels_20210708_CLOSEDROLL_parsed,RecMpDt,-1,-1;BlckSct "BlckSct" true true false 80 Text 0 0,First,#,AssessorParcels_20210708_CLOSEDROLL_parsed,BlckSct,0,79;LotNum "LotNum" true true false 80 Text 0 0,First,#,AssessorParcels_20210708_CLOSEDROLL_parsed,LotNum,0,79;UnitNum "UnitNum" true true false 80 Text 0 0,First,#,AssessorParcels_20210708_CLOSEDROLL_parsed,UnitNum,0,79;Area "Area" true true false 24 Double 15 23,First,#,AssessorParcels_20210708_CLOSEDROLL_parsed,Area,-1,-1;AreaUnt "AreaUnt" true true false 80 Text 0 0,First,#,AssessorParcels_20210708_CLOSEDROLL_parsed,AreaUnt,0,79;Section "Section" true true false 9 Long 0 9,First,#,AssessorParcels_20210708_CLOSEDROLL_parsed,Section,-1,-1;Townshp "Townshp" true true false 9 Long 0 9,First,#,AssessorParcels_20210708_CLOSEDROLL_parsed,Townshp,-1,-1;Range "Range" true true false 9 Long 0 9,First,#,AssessorParcels_20210708_CLOSEDROLL_parsed,Range,-1,-1;Shp_Lng "Shp_Lng" true true false 24 Double 15 23,First,#,AssessorParcels_20210708_CLOSEDROLL_parsed,Shp_Lng,-1,-1;Shap_Ar "Shap_Ar" true true false 24 Double 15 23,First,#,AssessorParcels_20210708_CLOSEDROLL_parsed,Shap_Ar,-1,-1;Commnty "Commnty" true true false 80 Text 0 0,First,#,AssessorParcels_20210708_CLOSEDROLL_parsed,Commnty,0,79" #</Process><Process ToolSource="c:\program files\arcgis\pro\Resources\ArcToolbox\toolboxes\Analysis Tools.tbx\SpatialJoin" Date="20240719" Time="084753">SpatialJoin Parcles StructuresPoint "C:\SBCFSC GIS\FireWiseTemplates\FireWiseTemplates\FireWiseTemplates.gdb\Parcles_SpatialJoin" "Join one to one" KEEP_ALL "OBJECTI "OBJECTI" true true false 8 Double 0 0,First,#,Parcles,OBJECTI,-1,-1;APN "APN" true true false 80 Text 0 0,First,#,Parcles,APN,0,79;LAYER "LAYER" true true false 80 Text 0 0,First,#,Parcles,LAYER,0,79;Owner "Owner" true true false 100 Text 0 0,First,#,Parcles,Owner,0,99;Pct "Pct" true true false 8 Double 0 0,First,#,Parcles,Pct,-1,-1;ConOwnr "ConOwnr" true true false 80 Text 0 0,First,#,Parcles,ConOwnr,0,79;Situs1 "Situs1" true true false 80 Text 0 0,First,#,Parcles,Situs1,0,79;Sts1_nm "Sts1_nm" true true false 80 Text 0 0,First,#,Parcles,Sts1_nm,0,79;Sts1_st "Sts1_st" true true false 80 Text 0 0,First,#,Parcles,Sts1_st,0,79;Situs2 "Situs2" true true false 80 Text 0 0,First,#,Parcles,Situs2,0,79;Acreage "Acreage" true true false 8 Double 0 0,First,#,Parcles,Acreage,-1,-1;LandUse "LandUse" true true false 80 Text 0 0,First,#,Parcles,LandUse,0,79;UseCode "UseCode" true true false 80 Text 0 0,First,#,Parcles,UseCode,0,79;TRA "TRA" true true false 80 Text 0 0,First,#,Parcles,TRA,0,79;DocNum "DocNum" true true false 80 Text 0 0,First,#,Parcles,DocNum,0,79;DocDate "DocDate" true true false 8 Date 0 0,First,#,Parcles,DocDate,-1,-1;PctTrns "PctTrns" true true false 8 Double 0 0,First,#,Parcles,PctTrns,-1,-1;ValResn "ValResn" true true false 80 Text 0 0,First,#,Parcles,ValResn,0,79;NonTxCd "NonTxCd" true true false 80 Text 0 0,First,#,Parcles,NonTxCd,0,79;SBENo "SBENo" true true false 80 Text 0 0,First,#,Parcles,SBENo,0,79;AgPres "AgPres" true true false 80 Text 0 0,First,#,Parcles,AgPres,0,79;LandVal "LandVal" true true false 8 Double 0 0,First,#,Parcles,LandVal,-1,-1;StrImpr "StrImpr" true true false 8 Double 0 0,First,#,Parcles,StrImpr,-1,-1;TradeFx "TradeFx" true true false 8 Double 0 0,First,#,Parcles,TradeFx,-1,-1;LivImpr "LivImpr" true true false 8 Double 0 0,First,#,Parcles,LivImpr,-1,-1;PrPrpDc "PrPrpDc" true true false 8 Double 0 0,First,#,Parcles,PrPrpDc,-1,-1;PrsPrpU "PrsPrpU" true true false 8 Double 0 0,First,#,Parcles,PrsPrpU,-1,-1;MobilHm "MobilHm" true true false 8 Double 0 0,First,#,Parcles,MobilHm,-1,-1;Exmptns "Exmptns" true true false 8 Double 0 0,First,#,Parcles,Exmptns,-1,-1;ExempCd "ExempCd" true true false 80 Text 0 0,First,#,Parcles,ExempCd,0,79;HomOwEx "HomOwEx" true true false 8 Double 0 0,First,#,Parcles,HomOwEx,-1,-1;NetScVl "NetScVl" true true false 8 Double 0 0,First,#,Parcles,NetScVl,-1,-1;Nt_Impr "Nt_Impr" true true false 8 Double 0 0,First,#,Parcles,Nt_Impr,-1,-1;Net_Prs "Net_Prs" true true false 8 Double 0 0,First,#,Parcles,Net_Prs,-1,-1;Net_UNX "Net_UNX" true true false 8 Double 0 0,First,#,Parcles,Net_UNX,-1,-1;Net_AV "Net_AV" true true false 8 Double 0 0,First,#,Parcles,Net_AV,-1,-1;MailX1 "MailX1" true true false 80 Text 0 0,First,#,Parcles,MailX1,0,79;MailX2 "MailX2" true true false 80 Text 0 0,First,#,Parcles,MailX2,0,79;MNumber "MNumber" true true false 80 Text 0 0,First,#,Parcles,MNumber,0,79;MFrac "MFrac" true true false 80 Text 0 0,First,#,Parcles,MFrac,0,79;MDir "MDir" true true false 80 Text 0 0,First,#,Parcles,MDir,0,79;MStreet "MStreet" true true false 80 Text 0 0,First,#,Parcles,MStreet,0,79;MStrSff "MStrSff" true true false 80 Text 0 0,First,#,Parcles,MStrSff,0,79;MUntTyp "MUntTyp" true true false 80 Text 0 0,First,#,Parcles,MUntTyp,0,79;MUntNmb "MUntNmb" true true false 80 Text 0 0,First,#,Parcles,MUntNmb,0,79;POBox "POBox" true true false 80 Text 0 0,First,#,Parcles,POBox,0,79;MCity "MCity" true true false 80 Text 0 0,First,#,Parcles,MCity,0,79;MZip "MZip" true true false 80 Text 0 0,First,#,Parcles,MZip,0,79;MZipExt "MZipExt" true true false 80 Text 0 0,First,#,Parcles,MZipExt,0,79;MState "MState" true true false 80 Text 0 0,First,#,Parcles,MState,0,79;Country "Country" true true false 80 Text 0 0,First,#,Parcles,Country,0,79;SNum "SNum" true true false 80 Text 0 0,First,#,Parcles,SNum,0,79;SFra "SFra" true true false 80 Text 0 0,First,#,Parcles,SFra,0,79;SDir "SDir" true true false 80 Text 0 0,First,#,Parcles,SDir,0,79;SStreet "SStreet" true true false 80 Text 0 0,First,#,Parcles,SStreet,0,79;SStrtSf "SStrtSf" true true false 80 Text 0 0,First,#,Parcles,SStrtSf,0,79;SUntTyp "SUntTyp" true true false 80 Text 0 0,First,#,Parcles,SUntTyp,0,79;SUntNmb "SUntNmb" true true false 80 Text 0 0,First,#,Parcles,SUntNmb,0,79;SCity "SCity" true true false 80 Text 0 0,First,#,Parcles,SCity,0,79;SZip "SZip" true true false 80 Text 0 0,First,#,Parcles,SZip,0,79;SZipExt "SZipExt" true true false 80 Text 0 0,First,#,Parcles,SZipExt,0,79;M_Addr1 "M_Addr1" true true false 80 Text 0 0,First,#,Parcles,M_Addr1,0,79;M_Addr2 "M_Addr2" true true false 80 Text 0 0,First,#,Parcles,M_Addr2,0,79;AsmRllI "AsmRllI" true true false 8 Double 0 0,First,#,Parcles,AsmRllI,-1,-1;Apn9 "Apn9" true true false 80 Text 0 0,First,#,Parcles,Apn9,0,79;PropID "PropID" true true false 80 Text 0 0,First,#,Parcles,PropID,0,79;SqFootg "SqFootg" true true false 8 Double 0 0,First,#,Parcles,SqFootg,-1,-1;YearBlt "YearBlt" true true false 80 Text 0 0,First,#,Parcles,YearBlt,0,79;Bedroms "Bedroms" true true false 8 Double 0 0,First,#,Parcles,Bedroms,-1,-1;Bathrms "Bathrms" true true false 8 Double 0 0,First,#,Parcles,Bathrms,-1,-1;WEB_LIN "WEB_LIN" true true false 80 Text 0 0,First,#,Parcles,WEB_LIN,0,79;GEN_INQ "GEN_INQ" true true false 128 Text 0 0,First,#,Parcles,GEN_INQ,0,127;BkPgLnk "BkPgLnk" true true false 80 Text 0 0,First,#,Parcles,BkPgLnk,0,79;TaxBill "TaxBill" true true false 156 Text 0 0,First,#,Parcles,TaxBill,0,155;MapType "MapType" true true false 80 Text 0 0,First,#,Parcles,MapType,0,79;RecMpNm "RecMpNm" true true false 80 Text 0 0,First,#,Parcles,RecMpNm,0,79;TractNm "TractNm" true true false 80 Text 0 0,First,#,Parcles,TractNm,0,79;RecMpBk "RecMpBk" true true false 80 Text 0 0,First,#,Parcles,RecMpBk,0,79;RecMpDt "RecMpDt" true true false 8 Date 0 0,First,#,Parcles,RecMpDt,-1,-1;BlckSct "BlckSct" true true false 80 Text 0 0,First,#,Parcles,BlckSct,0,79;LotNum "LotNum" true true false 80 Text 0 0,First,#,Parcles,LotNum,0,79;UnitNum "UnitNum" true true false 80 Text 0 0,First,#,Parcles,UnitNum,0,79;Area "Area" true true false 8 Double 0 0,First,#,Parcles,Area,-1,-1;AreaUnt "AreaUnt" true true false 80 Text 0 0,First,#,Parcles,AreaUnt,0,79;Section "Section" true true false 4 Long 0 0,First,#,Parcles,Section,-1,-1;Townshp "Townshp" true true false 4 Long 0 0,First,#,Parcles,Townshp,-1,-1;Range "Range" true true false 4 Long 0 0,First,#,Parcles,Range,-1,-1;Shp_Lng "Shp_Lng" true true false 8 Double 0 0,First,#,Parcles,Shp_Lng,-1,-1;Shap_Ar "Shap_Ar" true true false 8 Double 0 0,First,#,Parcles,Shap_Ar,-1,-1;Commnty "Commnty" true true false 80 Text 0 0,First,#,Parcles,Commnty,0,79;Shape_Length "Shape_Length" false true true 8 Double 0 0,First,#,Parcles,Shape_Length,-1,-1;Shape_Area "Shape_Area" false true true 8 Double 0 0,First,#,Parcles,Shape_Area,-1,-1;osm_id "osm_id" true true false 12 Text 0 0,First,#,StructuresPoint,osm_id,0,11;code "code" true true false 2 Short 0 0,First,#,StructuresPoint,code,-1,-1;fclass "fclass" true true false 28 Text 0 0,First,#,StructuresPoint,fclass,0,27;name "name" true true false 100 Text 0 0,First,#,StructuresPoint,name,0,99;type "type" true true false 20 Text 0 0,First,#,StructuresPoint,type,0,19;ORIG_FID "ORIG_FID" true true false 4 Long 0 0,First,#,StructuresPoint,ORIG_FID,-1,-1" Contains # # #</Process><Process ToolSource="c:\program files\arcgis\pro\Resources\ArcToolbox\toolboxes\Data Management Tools.tbx\Dissolve" Date="20250310" Time="185059">Dissolve "Parcles Boundary selection" "C:\Users\kfurl\OneDrive\Documents\ArcGIS\Projects\EHHA Firewise Map\EHHA Firewise Map.gdb\ParclesBoundarysele_Dissolve" # # MULTI_PART DISSOLVE_LINES #</Process><Process ToolSource="c:\program files\arcgis\pro\Resources\ArcToolbox\toolboxes\Analysis Tools.tbx\Union" Date="20250409" Time="164613">Union "'EHHA Firewise Community Boundary' #;'Rancho La Goleta Firewise Boundary' #;Firewise_Communities_04072025 #;'Calle Community Boundary' #;Montecito_Firewise_Boundary #" "C:\Users\mmatt\OneDrive\Documents\ArcGIS\Projects\Firewise Communities\Firewise_communities_04_09_25.shp" "All attributes" # GAPS</Process><Process ToolSource="c:\program files\arcgis\pro\Resources\ArcToolbox\toolboxes\Conversion Tools.tbx\ExportFeatures" Date="20250414" Time="131046">ExportFeatures Firewise_communities_04_09_25 "C:\Users\mmatt\OneDrive\Documents\ArcGIS\Projects\Firewise Communities\Updated_Firewise_Communities_04_14_25.shp" # NOT_USE_ALIAS "FID_Parcle "FID_Parcle" true true false 10 Long 0 10,First,#,Firewise_communities_04_09_25,FID_Parcle,-1,-1;Shape_Leng "Shape_Leng" true true false 19 Double 0 0,First,#,Firewise_communities_04_09_25,Shape_Leng,-1,-1;Shape_Area "Shape_Area" true true false 19 Double 0 0,First,#,Firewise_communities_04_09_25,Shape_Area,-1,-1;FID_Firewi "FID_Firewi" true true false 10 Long 0 10,First,#,Firewise_communities_04_09_25,FID_Firewi,-1,-1;Community "Community" true true false 80 Text 0 0,First,#,Firewise_communities_04_09_25,Community,0,79;Firewise_N "Firewise_N" true true false 19 Double 0 0,First,#,Firewise_communities_04_09_25,Firewise_N,-1,-1;acres "acres" true true false 80 Text 0 0,First,#,Firewise_communities_04_09_25,acres,0,79;Residents "Residents" true true false 19 Double 0 0,First,#,Firewise_communities_04_09_25,Residents,-1,-1;Structures "Structures" true true false 19 Double 0 0,First,#,Firewise_communities_04_09_25,Structures,-1,-1;UniqueID "UniqueID" true true false 10 Long 0 10,First,#,Firewise_communities_04_09_25,UniqueID,-1,-1;Shape_Le_1 "Shape_Le_1" true true false 19 Double 0 0,First,#,Firewise_communities_04_09_25,Shape_Le_1,-1,-1;Shape_Ar_1 "Shape_Ar_1" true true false 19 Double 0 0,First,#,Firewise_communities_04_09_25,Shape_Ar_1,-1,-1;FID_Parc_1 "FID_Parc_1" true true false 10 Long 0 10,First,#,Firewise_communities_04_09_25,FID_Parc_1,-1,-1;Shape_Le_2 "Shape_Le_2" true true false 19 Double 0 0,First,#,Firewise_communities_04_09_25,Shape_Le_2,-1,-1;Shape_Ar_2 "Shape_Ar_2" true true false 19 Double 0 0,First,#,Firewise_communities_04_09_25,Shape_Ar_2,-1,-1;FID_Montec "FID_Montec" true true false 10 Long 0 10,First,#,Firewise_communities_04_09_25,FID_Montec,-1,-1;PLACE_NAME "PLACE_NAME" true true false 47 Text 0 0,First,#,Firewise_communities_04_09_25,PLACE_NAME,0,46;FID_Parc_2 "FID_Parc_2" true true false 10 Long 0 10,First,#,Firewise_communities_04_09_25,FID_Parc_2,-1,-1;Shape_Le_3 "Shape_Le_3" true true false 19 Double 0 0,First,#,Firewise_communities_04_09_25,Shape_Le_3,-1,-1;Shape_Ar_3 "Shape_Ar_3" true true false 19 Double 0 0,First,#,Firewise_communities_04_09_25,Shape_Ar_3,-1,-1" #</Process><Process ToolSource="c:\program files\arcgis\pro\Resources\ArcToolbox\toolboxes\Data Management Tools.tbx\CopyFeatures" Date="20250529" Time="192256">CopyFeatures firewise C:\Users\funkt\OneDrive\Desktop\firewise_application_v3\data\firewise.shp # # # #</Process></lineage></DataProperties><SyncDate>20250529</SyncDate><SyncTime>19225600</SyncTime><ModDate>20250529</ModDate><ModTime>19225600</ModTime></Esri><dataIdInfo><envirDesc Sync="TRUE">Microsoft Windows 10 Version 10.0 (Build 26100) ; Esri ArcGIS 13.4.0.55405</envirDesc><dataLang><languageCode value="eng" Sync="TRUE"></languageCode><countryCode value="USA" Sync="TRUE"></countryCode></dataLang><idCitation><resTitle Sync="TRUE">firewise</resTitle><presForm><PresFormCd value="005" Sync="TRUE"></PresFormCd></presForm></idCitation><spatRpType><SpatRepTypCd value="001" Sync="TRUE"></SpatRepTypCd></spatRpType></dataIdInfo><mdLang><languageCode value="eng" Sync="TRUE"></languageCode><countryCode value="USA" Sync="TRUE"></countryCode></mdLang><distInfo><distFormat><formatName Sync="TRUE">Shapefile</formatName></distFormat><distTranOps><transSize Sync="TRUE">0.000</transSize></distTranOps></distInfo><mdHrLv><ScopeCd value="005" Sync="TRUE"></ScopeCd></mdHrLv><mdHrLvName Sync="TRUE">dataset</mdHrLvName><refSysInfo><RefSystem><refSysID><identCode code="2229" Sync="TRUE"></identCode><idCodeSpace Sync="TRUE">EPSG</idCodeSpace><idVersion Sync="TRUE">5.3(9.0.0)</idVersion></refSysID></RefSystem></refSysInfo><spatRepInfo><VectSpatRep><geometObjs Name="firewise"><geoObjTyp><GeoObjTypCd value="002" Sync="TRUE"></GeoObjTypCd></geoObjTyp><geoObjCnt Sync="TRUE">0</geoObjCnt></geometObjs><topLvl><TopoLevCd value="001" Sync="TRUE"></TopoLevCd></topLvl></VectSpatRep></spatRepInfo><spdoinfo><ptvctinf><esriterm Name="firewise"><efeatyp Sync="TRUE">Simple</efeatyp><efeageom code="4" Sync="TRUE"></efeageom><esritopo Sync="TRUE">FALSE</esritopo><efeacnt Sync="TRUE">0</efeacnt><spindex Sync="TRUE">FALSE</spindex><linrefer Sync="TRUE">FALSE</linrefer></esriterm></ptvctinf></spdoinfo><eainfo><detailed Name="firewise"><enttyp><enttypl Sync="TRUE">firewise</enttypl><enttypt Sync="TRUE">Feature Class</enttypt><enttypc Sync="TRUE">0</enttypc></enttyp><attr><attrlabl Sync="TRUE">FID</attrlabl><attalias Sync="TRUE">FID</attalias><attrtype Sync="TRUE">OID</attrtype><attwidth Sync="TRUE">4</attwidth><atprecis Sync="TRUE">0</atprecis><attscale Sync="TRUE">0</attscale><attrdef Sync="TRUE">Internal feature number.</attrdef><attrdefs Sync="TRUE">Esri</attrdefs><attrdomv><udom Sync="TRUE">Sequential unique whole numbers that are automatically generated.</udom></attrdomv></attr><attr><attrlabl Sync="TRUE">Shape</attrlabl><attalias Sync="TRUE">Shape</attalias><attrtype Sync="TRUE">Geometry</attrtype><attwidth Sync="TRUE">0</attwidth><atprecis Sync="TRUE">0</atprecis><attscale Sync="TRUE">0</attscale><attrdef Sync="TRUE">Feature geometry.</attrdef><attrdefs Sync="TRUE">Esri</attrdefs><attrdomv><udom Sync="TRUE">Coordinates defining the features.</udom></attrdomv></attr><attr><attrlabl Sync="TRUE">FID_Parcle</attrlabl><attalias Sync="TRUE">FID_Parcle</attalias><attrtype Sync="TRUE">Integer</attrtype><attwidth Sync="TRUE">10</attwidth><atprecis Sync="TRUE">10</atprecis><attscale Sync="TRUE">0</attscale></attr><attr><attrlabl Sync="TRUE">Shape_Leng</attrlabl><attalias Sync="TRUE">Shape_Leng</attalias><attrtype Sync="TRUE">Double</attrtype><attwidth Sync="TRUE">19</attwidth><atprecis Sync="TRUE">0</atprecis><attscale Sync="TRUE">0</attscale></attr><attr><attrlabl Sync="TRUE">Shape_Area</attrlabl><attalias Sync="TRUE">Shape_Area</attalias><attrtype Sync="TRUE">Double</attrtype><attwidth Sync="TRUE">19</attwidth><atprecis Sync="TRUE">0</atprecis><attscale Sync="TRUE">0</attscale><attrdef Sync="TRUE">Area of feature in internal units squared.</attrdef><attrdefs Sync="TRUE">Esri</attrdefs><attrdomv><udom Sync="TRUE">Positive real numbers that are automatically generated.</udom></attrdomv></attr><attr><attrlabl Sync="TRUE">FID_Firewi</attrlabl><attalias Sync="TRUE">FID_Firewi</attalias><attrtype Sync="TRUE">Integer</attrtype><attwidth Sync="TRUE">10</attwidth><atprecis Sync="TRUE">10</atprecis><attscale Sync="TRUE">0</attscale></attr><attr><attrlabl Sync="TRUE">Community</attrlabl><attalias Sync="TRUE">Community</attalias><attrtype Sync="TRUE">String</attrtype><attwidth Sync="TRUE">80</attwidth><atprecis Sync="TRUE">0</atprecis><attscale Sync="TRUE">0</attscale></attr><attr><attrlabl Sync="TRUE">Firewise_N</attrlabl><attalias Sync="TRUE">Firewise_N</attalias><attrtype Sync="TRUE">Double</attrtype><attwidth Sync="TRUE">19</attwidth><atprecis Sync="TRUE">0</atprecis><attscale Sync="TRUE">0</attscale></attr><attr><attrlabl Sync="TRUE">acres</attrlabl><attalias Sync="TRUE">acres</attalias><attrtype Sync="TRUE">String</attrtype><attwidth Sync="TRUE">80</attwidth><atprecis Sync="TRUE">0</atprecis><attscale Sync="TRUE">0</attscale></attr><attr><attrlabl Sync="TRUE">Residents</attrlabl><attalias Sync="TRUE">Residents</attalias><attrtype Sync="TRUE">Double</attrtype><attwidth Sync="TRUE">19</attwidth><atprecis Sync="TRUE">0</atprecis><attscale Sync="TRUE">0</attscale></attr><attr><attrlabl Sync="TRUE">Structures</attrlabl><attalias Sync="TRUE">Structures</attalias><attrtype Sync="TRUE">Double</attrtype><attwidth Sync="TRUE">19</attwidth><atprecis Sync="TRUE">0</atprecis><attscale Sync="TRUE">0</attscale></attr><attr><attrlabl Sync="TRUE">UniqueID</attrlabl><attalias Sync="TRUE">UniqueID</attalias><attrtype Sync="TRUE">Integer</attrtype><attwidth Sync="TRUE">10</attwidth><atprecis Sync="TRUE">10</atprecis><attscale Sync="TRUE">0</attscale></attr><attr><attrlabl Sync="TRUE">Shape_Le_1</attrlabl><attalias Sync="TRUE">Shape_Le_1</attalias><attrtype Sync="TRUE">Double</attrtype><attwidth Sync="TRUE">19</attwidth><atprecis Sync="TRUE">0</atprecis><attscale Sync="TRUE">0</attscale></attr><attr><attrlabl Sync="TRUE">Shape_Ar_1</attrlabl><attalias Sync="TRUE">Shape_Ar_1</attalias><attrtype Sync="TRUE">Double</attrtype><attwidth Sync="TRUE">19</attwidth><atprecis Sync="TRUE">0</atprecis><attscale Sync="TRUE">0</attscale></attr><attr><attrlabl Sync="TRUE">FID_Parc_1</attrlabl><attalias Sync="TRUE">FID_Parc_1</attalias><attrtype Sync="TRUE">Integer</attrtype><attwidth Sync="TRUE">10</attwidth><atprecis Sync="TRUE">10</atprecis><attscale Sync="TRUE">0</attscale></attr><attr><attrlabl Sync="TRUE">Shape_Le_2</attrlabl><attalias Sync="TRUE">Shape_Le_2</attalias><attrtype Sync="TRUE">Double</attrtype><attwidth Sync="TRUE">19</attwidth><atprecis Sync="TRUE">0</atprecis><attscale Sync="TRUE">0</attscale></attr><attr><attrlabl Sync="TRUE">Shape_Ar_2</attrlabl><attalias Sync="TRUE">Shape_Ar_2</attalias><attrtype Sync="TRUE">Double</attrtype><attwidth Sync="TRUE">19</attwidth><atprecis Sync="TRUE">0</atprecis><attscale Sync="TRUE">0</attscale></attr><attr><attrlabl Sync="TRUE">FID_Montec</attrlabl><attalias Sync="TRUE">FID_Montec</attalias><attrtype Sync="TRUE">Integer</attrtype><attwidth Sync="TRUE">10</attwidth><atprecis Sync="TRUE">10</atprecis><attscale Sync="TRUE">0</attscale></attr><attr><attrlabl Sync="TRUE">PLACE_NAME</attrlabl><attalias Sync="TRUE">PLACE_NAME</attalias><attrtype Sync="TRUE">String</attrtype><attwidth Sync="TRUE">47</attwidth><atprecis Sync="TRUE">0</atprecis><attscale Sync="TRUE">0</attscale></attr><attr><attrlabl Sync="TRUE">FID_Parc_2</attrlabl><attalias Sync="TRUE">FID_Parc_2</attalias><attrtype Sync="TRUE">Integer</attrtype><attwidth Sync="TRUE">10</attwidth><atprecis Sync="TRUE">10</atprecis><attscale Sync="TRUE">0</attscale></attr><attr><attrlabl Sync="TRUE">Shape_Le_3</attrlabl><attalias Sync="TRUE">Shape_Le_3</attalias><attrtype Sync="TRUE">Double</attrtype><attwidth Sync="TRUE">19</attwidth><atprecis Sync="TRUE">0</atprecis><attscale Sync="TRUE">0</attscale></attr><attr><attrlabl Sync="TRUE">Shape_Ar_3</attrlabl><attalias Sync="TRUE">Shape_Ar_3</attalias><attrtype Sync="TRUE">Double</attrtype><attwidth Sync="TRUE">19</attwidth><atprecis Sync="TRUE">0</atprecis><attscale Sync="TRUE">0</attscale></attr></detailed></eainfo><mdDateSt Sync="TRUE">20250529</mdDateSt></metadata>
