<?xml version="1.0" encoding="UTF-8"?>
<metadata xml:lang="en"><Esri><CreaDate>20250605</CreaDate><CreaTime>19445600</CreaTime><ArcGISFormat>1.0</ArcGISFormat><SyncOnce>FALSE</SyncOnce><DataProperties><itemProps><itemName Sync="TRUE">parcels</itemName><imsContentType Sync="TRUE">002</imsContentType><itemSize Sync="TRUE">0.000</itemSize><itemLocation><linkage Sync="TRUE">file://\\THELONIOUS\C$\Users\funkt\OneDrive\Desktop\firewise_fire_risk_mapbox-lp-optimization\firewise_fire_risk_mapbox-lp-optimization\data\parcels.shp</linkage><protocol Sync="TRUE">Local Area Network</protocol></itemLocation></itemProps><coordRef><type Sync="TRUE">Projected</type><geogcsn Sync="TRUE">GCS_North_American_1983</geogcsn><csUnits Sync="TRUE">Linear Unit: Meter (1.000000)</csUnits><projcsn Sync="TRUE">NAD_1983_UTM_Zone_11N</projcsn><peXml Sync="TRUE">&lt;ProjectedCoordinateSystem xsi:type='typens:ProjectedCoordinateSystem' xmlns:xsi='http://www.w3.org/2001/XMLSchema-instance' xmlns:xs='http://www.w3.org/2001/XMLSchema' xmlns:typens='http://www.esri.com/schemas/ArcGIS/3.4.0'&gt;&lt;WKT&gt;PROJCS[&amp;quot;NAD_1983_UTM_Zone_11N&amp;quot;,GEOGCS[&amp;quot;GCS_North_American_1983&amp;quot;,DATUM[&amp;quot;D_North_American_1983&amp;quot;,SPHEROID[&amp;quot;GRS_1980&amp;quot;,6378137.0,298.257222101]],PRIMEM[&amp;quot;Greenwich&amp;quot;,0.0],UNIT[&amp;quot;Degree&amp;quot;,0.0174532925199433]],PROJECTION[&amp;quot;Transverse_Mercator&amp;quot;],PARAMETER[&amp;quot;False_Easting&amp;quot;,500000.0],PARAMETER[&amp;quot;False_Northing&amp;quot;,0.0],PARAMETER[&amp;quot;Central_Meridian&amp;quot;,-117.0],PARAMETER[&amp;quot;Scale_Factor&amp;quot;,0.9996],PARAMETER[&amp;quot;Latitude_Of_Origin&amp;quot;,0.0],UNIT[&amp;quot;Meter&amp;quot;,1.0],AUTHORITY[&amp;quot;EPSG&amp;quot;,26911]]&lt;/WKT&gt;&lt;XOrigin&gt;-5120900&lt;/XOrigin&gt;&lt;YOrigin&gt;-9998100&lt;/YOrigin&gt;&lt;XYScale&gt;450445547.3910538&lt;/XYScale&gt;&lt;ZOrigin&gt;-100000&lt;/ZOrigin&gt;&lt;ZScale&gt;10000&lt;/ZScale&gt;&lt;MOrigin&gt;-100000&lt;/MOrigin&gt;&lt;MScale&gt;10000&lt;/MScale&gt;&lt;XYTolerance&gt;0.001&lt;/XYTolerance&gt;&lt;ZTolerance&gt;0.001&lt;/ZTolerance&gt;&lt;MTolerance&gt;0.001&lt;/MTolerance&gt;&lt;HighPrecision&gt;true&lt;/HighPrecision&gt;&lt;WKID&gt;26911&lt;/WKID&gt;&lt;LatestWKID&gt;26911&lt;/LatestWKID&gt;&lt;/ProjectedCoordinateSystem&gt;</peXml></coordRef><lineage><Process ToolSource="c:\program files\arcgis\pro\Resources\ArcToolbox\toolboxes\Conversion Tools.tbx\ExportFeatures" Date="20250605" Time="194459">ExportFeatures parcels_scored_og C:\Users\funkt\OneDrive\Desktop\firewise_fire_risk_mapbox-lp-optimization\firewise_fire_risk_mapbox-lp-optimization\data\parcels.shp # NOT_USE_ALIAS "parcel_id "parcel_id" true true false 80 Text 0 0,First,#,parcels_scored_og,parcel_id,0,79;strcnt "strcnt" true true false 18 Double 0 18,First,#,parcels_scored_og,strcnt,-1,-1;area_sqft "area_sqft" true true false 24 Double 15 23,First,#,parcels_scored_og,area_sqft,-1,-1;str_dens "str_dens" true true false 24 Double 15 23,First,#,parcels_scored_og,str_dens,-1,-1;neigh1_d "neigh1_d" true true false 24 Double 15 23,First,#,parcels_scored_og,neigh1_d,-1,-1;neigh2_d "neigh2_d" true true false 24 Double 15 23,First,#,parcels_scored_og,neigh2_d,-1,-1;qtrmi_cnt "qtrmi_cnt" true true false 24 Double 15 23,First,#,parcels_scored_og,qtrmi_cnt,-1,-1;qtrmi_pct "qtrmi_pct" true true false 24 Double 15 23,First,#,parcels_scored_og,qtrmi_pct,-1,-1;hlfmi_agri "hlfmi_agri" true true false 24 Double 15 23,First,#,parcels_scored_og,hlfmi_agri,-1,-1;hlfmi_wui "hlfmi_wui" true true false 24 Double 15 23,First,#,parcels_scored_og,hlfmi_wui,-1,-1;hlfmi_vhsz "hlfmi_vhsz" true true false 24 Double 15 23,First,#,parcels_scored_og,hlfmi_vhsz,-1,-1;apn "apn" true true false 80 Text 0 0,First,#,parcels_scored_og,apn,0,79;landval "landval" true true false 18 Double 0 18,First,#,parcels_scored_og,landval,-1,-1;yearbuilt "yearbuilt" true true false 80 Text 0 0,First,#,parcels_scored_og,yearbuilt,0,79;bedrooms "bedrooms" true true false 18 Double 0 18,First,#,parcels_scored_og,bedrooms,-1,-1;baths "baths" true true false 24 Double 15 23,First,#,parcels_scored_og,baths,-1,-1;landuse "landuse" true true false 80 Text 0 0,First,#,parcels_scored_og,landuse,0,79;direct_ids "direct_ids" true true false 254 Text 0 0,First,#,parcels_scored_og,direct_ids,0,253;across_ids "across_ids" true true false 254 Text 0 0,First,#,parcels_scored_og,across_ids,0,253;all_ids "all_ids" true true false 254 Text 0 0,First,#,parcels_scored_og,all_ids,0,253;direct_cou "direct_cou" true true false 18 Double 0 18,First,#,parcels_scored_og,direct_cou,-1,-1;across_cou "across_cou" true true false 18 Double 0 18,First,#,parcels_scored_og,across_cou,-1,-1;all_count "all_count" true true false 18 Double 0 18,First,#,parcels_scored_og,all_count,-1,-1;perimeter "perimeter" true true false 24 Double 15 23,First,#,parcels_scored_og,perimeter,-1,-1;avg_slope "avg_slope" true true false 24 Double 15 23,First,#,parcels_scored_og,avg_slope,-1,-1;max_slope "max_slope" true true false 24 Double 15 23,First,#,parcels_scored_og,max_slope,-1,-1;par_aspect "par_aspect" true true false 24 Double 15 23,First,#,parcels_scored_og,par_aspect,-1,-1;par_aspe_1 "par_aspe_1" true true false 80 Text 0 0,First,#,parcels_scored_og,par_aspe_1,0,79;par_elev "par_elev" true true false 24 Double 15 23,First,#,parcels_scored_og,par_elev,-1,-1;par_elev_m "par_elev_m" true true false 24 Double 15 23,First,#,parcels_scored_og,par_elev_m,-1,-1;pixel_coun "pixel_coun" true true false 18 Double 0 18,First,#,parcels_scored_og,pixel_coun,-1,-1;str_slope "str_slope" true true false 24 Double 15 23,First,#,parcels_scored_og,str_slope,-1,-1;num_neighb "num_neighb" true true false 18 Double 0 18,First,#,parcels_scored_og,num_neighb,-1,-1;strdens_s "strdens_s" true true false 24 Double 15 23,First,#,parcels_scored_og,strdens_s,-1,-1;neigh1d_s "neigh1d_s" true true false 24 Double 15 23,First,#,parcels_scored_og,neigh1d_s,-1,-1;neigh2d_s "neigh2d_s" true true false 24 Double 15 23,First,#,parcels_scored_og,neigh2d_s,-1,-1;qtrmi_s "qtrmi_s" true true false 24 Double 15 23,First,#,parcels_scored_og,qtrmi_s,-1,-1;qtrpct_s "qtrpct_s" true true false 24 Double 15 23,First,#,parcels_scored_og,qtrpct_s,-1,-1;hwui_s "hwui_s" true true false 24 Double 15 23,First,#,parcels_scored_og,hwui_s,-1,-1;hagri_s "hagri_s" true true false 24 Double 15 23,First,#,parcels_scored_og,hagri_s,-1,-1;hvhsz_s "hvhsz_s" true true false 24 Double 15 23,First,#,parcels_scored_og,hvhsz_s,-1,-1;slope_s "slope_s" true true false 24 Double 15 23,First,#,parcels_scored_og,slope_s,-1,-1;maxslp_s "maxslp_s" true true false 24 Double 15 23,First,#,parcels_scored_og,maxslp_s,-1,-1" #</Process></lineage></DataProperties><SyncDate>20250605</SyncDate><SyncTime>19445600</SyncTime><ModDate>20250605</ModDate><ModTime>19445600</ModTime></Esri><dataIdInfo><envirDesc Sync="TRUE">Microsoft Windows 10 Version 10.0 (Build 26100) ; Esri ArcGIS 13.4.0.55405</envirDesc><dataLang><languageCode value="eng" Sync="TRUE"></languageCode><countryCode value="USA" Sync="TRUE"></countryCode></dataLang><idCitation><resTitle Sync="TRUE">parcels</resTitle><presForm><PresFormCd value="005" Sync="TRUE"></PresFormCd></presForm></idCitation><spatRpType><SpatRepTypCd value="001" Sync="TRUE"></SpatRepTypCd></spatRpType></dataIdInfo><mdLang><languageCode value="eng" Sync="TRUE"></languageCode><countryCode value="USA" Sync="TRUE"></countryCode></mdLang><mdChar><CharSetCd value="004" Sync="TRUE"></CharSetCd></mdChar><distInfo><distFormat><formatName Sync="TRUE">Shapefile</formatName></distFormat><distTranOps><transSize Sync="TRUE">0.000</transSize></distTranOps></distInfo><mdHrLv><ScopeCd value="005" Sync="TRUE"></ScopeCd></mdHrLv><mdHrLvName Sync="TRUE">dataset</mdHrLvName><refSysInfo><RefSystem><refSysID><identCode code="26911" Sync="TRUE"></identCode><idCodeSpace Sync="TRUE">EPSG</idCodeSpace><idVersion Sync="TRUE">6.11(3.0.1)</idVersion></refSysID></RefSystem></refSysInfo><spatRepInfo><VectSpatRep><geometObjs Name="parcels"><geoObjTyp><GeoObjTypCd value="002" Sync="TRUE"></GeoObjTypCd></geoObjTyp><geoObjCnt Sync="TRUE">0</geoObjCnt></geometObjs><topLvl><TopoLevCd value="001" Sync="TRUE"></TopoLevCd></topLvl></VectSpatRep></spatRepInfo><spdoinfo><ptvctinf><esriterm Name="parcels"><efeatyp Sync="TRUE">Simple</efeatyp><efeageom code="4" Sync="TRUE"></efeageom><esritopo Sync="TRUE">FALSE</esritopo><efeacnt Sync="TRUE">0</efeacnt><spindex Sync="TRUE">FALSE</spindex><linrefer Sync="TRUE">FALSE</linrefer></esriterm></ptvctinf></spdoinfo><eainfo><detailed Name="parcels"><enttyp><enttypl Sync="TRUE">parcels</enttypl><enttypt Sync="TRUE">Feature Class</enttypt><enttypc Sync="TRUE">0</enttypc></enttyp><attr><attrlabl Sync="TRUE">FID</attrlabl><attalias Sync="TRUE">FID</attalias><attrtype Sync="TRUE">OID</attrtype><attwidth Sync="TRUE">4</attwidth><atprecis Sync="TRUE">0</atprecis><attscale Sync="TRUE">0</attscale><attrdef Sync="TRUE">Internal feature number.</attrdef><attrdefs Sync="TRUE">Esri</attrdefs><attrdomv><udom Sync="TRUE">Sequential unique whole numbers that are automatically generated.</udom></attrdomv></attr><attr><attrlabl Sync="TRUE">Shape</attrlabl><attalias Sync="TRUE">Shape</attalias><attrtype Sync="TRUE">Geometry</attrtype><attwidth Sync="TRUE">0</attwidth><atprecis Sync="TRUE">0</atprecis><attscale Sync="TRUE">0</attscale><attrdef Sync="TRUE">Feature geometry.</attrdef><attrdefs Sync="TRUE">Esri</attrdefs><attrdomv><udom Sync="TRUE">Coordinates defining the features.</udom></attrdomv></attr><attr><attrlabl Sync="TRUE">parcel_id</attrlabl><attalias Sync="TRUE">parcel_id</attalias><attrtype Sync="TRUE">String</attrtype><attwidth Sync="TRUE">80</attwidth><atprecis Sync="TRUE">0</atprecis><attscale Sync="TRUE">0</attscale></attr><attr><attrlabl Sync="TRUE">strcnt</attrlabl><attalias Sync="TRUE">strcnt</attalias><attrtype Sync="TRUE">Double</attrtype><attwidth Sync="TRUE">18</attwidth><atprecis Sync="TRUE">18</atprecis><attscale Sync="TRUE">0</attscale></attr><attr><attrlabl Sync="TRUE">area_sqft</attrlabl><attalias Sync="TRUE">area_sqft</attalias><attrtype Sync="TRUE">Double</attrtype><attwidth Sync="TRUE">19</attwidth><atprecis Sync="TRUE">18</atprecis><attscale Sync="TRUE">15</attscale></attr><attr><attrlabl Sync="TRUE">str_dens</attrlabl><attalias Sync="TRUE">str_dens</attalias><attrtype Sync="TRUE">Double</attrtype><attwidth Sync="TRUE">19</attwidth><atprecis Sync="TRUE">18</atprecis><attscale Sync="TRUE">15</attscale></attr><attr><attrlabl Sync="TRUE">neigh1_d</attrlabl><attalias Sync="TRUE">neigh1_d</attalias><attrtype Sync="TRUE">Double</attrtype><attwidth Sync="TRUE">19</attwidth><atprecis Sync="TRUE">18</atprecis><attscale Sync="TRUE">15</attscale></attr><attr><attrlabl Sync="TRUE">neigh2_d</attrlabl><attalias Sync="TRUE">neigh2_d</attalias><attrtype Sync="TRUE">Double</attrtype><attwidth Sync="TRUE">19</attwidth><atprecis Sync="TRUE">18</atprecis><attscale Sync="TRUE">15</attscale></attr><attr><attrlabl Sync="TRUE">qtrmi_cnt</attrlabl><attalias Sync="TRUE">qtrmi_cnt</attalias><attrtype Sync="TRUE">Double</attrtype><attwidth Sync="TRUE">19</attwidth><atprecis Sync="TRUE">18</atprecis><attscale Sync="TRUE">15</attscale></attr><attr><attrlabl Sync="TRUE">qtrmi_pct</attrlabl><attalias Sync="TRUE">qtrmi_pct</attalias><attrtype Sync="TRUE">Double</attrtype><attwidth Sync="TRUE">19</attwidth><atprecis Sync="TRUE">18</atprecis><attscale Sync="TRUE">15</attscale></attr><attr><attrlabl Sync="TRUE">hlfmi_agri</attrlabl><attalias Sync="TRUE">hlfmi_agri</attalias><attrtype Sync="TRUE">Double</attrtype><attwidth Sync="TRUE">19</attwidth><atprecis Sync="TRUE">18</atprecis><attscale Sync="TRUE">15</attscale></attr><attr><attrlabl Sync="TRUE">hlfmi_wui</attrlabl><attalias Sync="TRUE">hlfmi_wui</attalias><attrtype Sync="TRUE">Double</attrtype><attwidth Sync="TRUE">19</attwidth><atprecis Sync="TRUE">18</atprecis><attscale Sync="TRUE">15</attscale></attr><attr><attrlabl Sync="TRUE">hlfmi_vhsz</attrlabl><attalias Sync="TRUE">hlfmi_vhsz</attalias><attrtype Sync="TRUE">Double</attrtype><attwidth Sync="TRUE">19</attwidth><atprecis Sync="TRUE">18</atprecis><attscale Sync="TRUE">15</attscale></attr><attr><attrlabl Sync="TRUE">apn</attrlabl><attalias Sync="TRUE">apn</attalias><attrtype Sync="TRUE">String</attrtype><attwidth Sync="TRUE">80</attwidth><atprecis Sync="TRUE">0</atprecis><attscale Sync="TRUE">0</attscale></attr><attr><attrlabl Sync="TRUE">landval</attrlabl><attalias Sync="TRUE">landval</attalias><attrtype Sync="TRUE">Double</attrtype><attwidth Sync="TRUE">18</attwidth><atprecis Sync="TRUE">18</atprecis><attscale Sync="TRUE">0</attscale></attr><attr><attrlabl Sync="TRUE">yearbuilt</attrlabl><attalias Sync="TRUE">yearbuilt</attalias><attrtype Sync="TRUE">String</attrtype><attwidth Sync="TRUE">80</attwidth><atprecis Sync="TRUE">0</atprecis><attscale Sync="TRUE">0</attscale></attr><attr><attrlabl Sync="TRUE">bedrooms</attrlabl><attalias Sync="TRUE">bedrooms</attalias><attrtype Sync="TRUE">Double</attrtype><attwidth Sync="TRUE">18</attwidth><atprecis Sync="TRUE">18</atprecis><attscale Sync="TRUE">0</attscale></attr><attr><attrlabl Sync="TRUE">baths</attrlabl><attalias Sync="TRUE">baths</attalias><attrtype Sync="TRUE">Double</attrtype><attwidth Sync="TRUE">19</attwidth><atprecis Sync="TRUE">18</atprecis><attscale Sync="TRUE">15</attscale></attr><attr><attrlabl Sync="TRUE">landuse</attrlabl><attalias Sync="TRUE">landuse</attalias><attrtype Sync="TRUE">String</attrtype><attwidth Sync="TRUE">80</attwidth><atprecis Sync="TRUE">0</atprecis><attscale Sync="TRUE">0</attscale></attr><attr><attrlabl Sync="TRUE">direct_ids</attrlabl><attalias Sync="TRUE">direct_ids</attalias><attrtype Sync="TRUE">String</attrtype><attwidth Sync="TRUE">254</attwidth><atprecis Sync="TRUE">0</atprecis><attscale Sync="TRUE">0</attscale></attr><attr><attrlabl Sync="TRUE">across_ids</attrlabl><attalias Sync="TRUE">across_ids</attalias><attrtype Sync="TRUE">String</attrtype><attwidth Sync="TRUE">254</attwidth><atprecis Sync="TRUE">0</atprecis><attscale Sync="TRUE">0</attscale></attr><attr><attrlabl Sync="TRUE">all_ids</attrlabl><attalias Sync="TRUE">all_ids</attalias><attrtype Sync="TRUE">String</attrtype><attwidth Sync="TRUE">254</attwidth><atprecis Sync="TRUE">0</atprecis><attscale Sync="TRUE">0</attscale></attr><attr><attrlabl Sync="TRUE">direct_cou</attrlabl><attalias Sync="TRUE">direct_cou</attalias><attrtype Sync="TRUE">Double</attrtype><attwidth Sync="TRUE">18</attwidth><atprecis Sync="TRUE">18</atprecis><attscale Sync="TRUE">0</attscale></attr><attr><attrlabl Sync="TRUE">across_cou</attrlabl><attalias Sync="TRUE">across_cou</attalias><attrtype Sync="TRUE">Double</attrtype><attwidth Sync="TRUE">18</attwidth><atprecis Sync="TRUE">18</atprecis><attscale Sync="TRUE">0</attscale></attr><attr><attrlabl Sync="TRUE">all_count</attrlabl><attalias Sync="TRUE">all_count</attalias><attrtype Sync="TRUE">Double</attrtype><attwidth Sync="TRUE">18</attwidth><atprecis Sync="TRUE">18</atprecis><attscale Sync="TRUE">0</attscale></attr><attr><attrlabl Sync="TRUE">perimeter</attrlabl><attalias Sync="TRUE">perimeter</attalias><attrtype Sync="TRUE">Double</attrtype><attwidth Sync="TRUE">19</attwidth><atprecis Sync="TRUE">18</atprecis><attscale Sync="TRUE">15</attscale></attr><attr><attrlabl Sync="TRUE">avg_slope</attrlabl><attalias Sync="TRUE">avg_slope</attalias><attrtype Sync="TRUE">Double</attrtype><attwidth Sync="TRUE">19</attwidth><atprecis Sync="TRUE">18</atprecis><attscale Sync="TRUE">15</attscale></attr><attr><attrlabl Sync="TRUE">max_slope</attrlabl><attalias Sync="TRUE">max_slope</attalias><attrtype Sync="TRUE">Double</attrtype><attwidth Sync="TRUE">19</attwidth><atprecis Sync="TRUE">18</atprecis><attscale Sync="TRUE">15</attscale></attr><attr><attrlabl Sync="TRUE">par_aspect</attrlabl><attalias Sync="TRUE">par_aspect</attalias><attrtype Sync="TRUE">Double</attrtype><attwidth Sync="TRUE">19</attwidth><atprecis Sync="TRUE">18</atprecis><attscale Sync="TRUE">15</attscale></attr><attr><attrlabl Sync="TRUE">par_aspe_1</attrlabl><attalias Sync="TRUE">par_aspe_1</attalias><attrtype Sync="TRUE">String</attrtype><attwidth Sync="TRUE">80</attwidth><atprecis Sync="TRUE">0</atprecis><attscale Sync="TRUE">0</attscale></attr><attr><attrlabl Sync="TRUE">par_elev</attrlabl><attalias Sync="TRUE">par_elev</attalias><attrtype Sync="TRUE">Double</attrtype><attwidth Sync="TRUE">19</attwidth><atprecis Sync="TRUE">18</atprecis><attscale Sync="TRUE">15</attscale></attr><attr><attrlabl Sync="TRUE">par_elev_m</attrlabl><attalias Sync="TRUE">par_elev_m</attalias><attrtype Sync="TRUE">Double</attrtype><attwidth Sync="TRUE">19</attwidth><atprecis Sync="TRUE">18</atprecis><attscale Sync="TRUE">15</attscale></attr><attr><attrlabl Sync="TRUE">pixel_coun</attrlabl><attalias Sync="TRUE">pixel_coun</attalias><attrtype Sync="TRUE">Double</attrtype><attwidth Sync="TRUE">18</attwidth><atprecis Sync="TRUE">18</atprecis><attscale Sync="TRUE">0</attscale></attr><attr><attrlabl Sync="TRUE">str_slope</attrlabl><attalias Sync="TRUE">str_slope</attalias><attrtype Sync="TRUE">Double</attrtype><attwidth Sync="TRUE">19</attwidth><atprecis Sync="TRUE">18</atprecis><attscale Sync="TRUE">15</attscale></attr><attr><attrlabl Sync="TRUE">num_neighb</attrlabl><attalias Sync="TRUE">num_neighb</attalias><attrtype Sync="TRUE">Double</attrtype><attwidth Sync="TRUE">18</attwidth><atprecis Sync="TRUE">18</atprecis><attscale Sync="TRUE">0</attscale></attr><attr><attrlabl Sync="TRUE">strdens_s</attrlabl><attalias Sync="TRUE">strdens_s</attalias><attrtype Sync="TRUE">Double</attrtype><attwidth Sync="TRUE">19</attwidth><atprecis Sync="TRUE">18</atprecis><attscale Sync="TRUE">15</attscale></attr><attr><attrlabl Sync="TRUE">neigh1d_s</attrlabl><attalias Sync="TRUE">neigh1d_s</attalias><attrtype Sync="TRUE">Double</attrtype><attwidth Sync="TRUE">19</attwidth><atprecis Sync="TRUE">18</atprecis><attscale Sync="TRUE">15</attscale></attr><attr><attrlabl Sync="TRUE">neigh2d_s</attrlabl><attalias Sync="TRUE">neigh2d_s</attalias><attrtype Sync="TRUE">Double</attrtype><attwidth Sync="TRUE">19</attwidth><atprecis Sync="TRUE">18</atprecis><attscale Sync="TRUE">15</attscale></attr><attr><attrlabl Sync="TRUE">qtrmi_s</attrlabl><attalias Sync="TRUE">qtrmi_s</attalias><attrtype Sync="TRUE">Double</attrtype><attwidth Sync="TRUE">19</attwidth><atprecis Sync="TRUE">18</atprecis><attscale Sync="TRUE">15</attscale></attr><attr><attrlabl Sync="TRUE">qtrpct_s</attrlabl><attalias Sync="TRUE">qtrpct_s</attalias><attrtype Sync="TRUE">Double</attrtype><attwidth Sync="TRUE">19</attwidth><atprecis Sync="TRUE">18</atprecis><attscale Sync="TRUE">15</attscale></attr><attr><attrlabl Sync="TRUE">hwui_s</attrlabl><attalias Sync="TRUE">hwui_s</attalias><attrtype Sync="TRUE">Double</attrtype><attwidth Sync="TRUE">19</attwidth><atprecis Sync="TRUE">18</atprecis><attscale Sync="TRUE">15</attscale></attr><attr><attrlabl Sync="TRUE">hagri_s</attrlabl><attalias Sync="TRUE">hagri_s</attalias><attrtype Sync="TRUE">Double</attrtype><attwidth Sync="TRUE">19</attwidth><atprecis Sync="TRUE">18</atprecis><attscale Sync="TRUE">15</attscale></attr><attr><attrlabl Sync="TRUE">hvhsz_s</attrlabl><attalias Sync="TRUE">hvhsz_s</attalias><attrtype Sync="TRUE">Double</attrtype><attwidth Sync="TRUE">19</attwidth><atprecis Sync="TRUE">18</atprecis><attscale Sync="TRUE">15</attscale></attr><attr><attrlabl Sync="TRUE">slope_s</attrlabl><attalias Sync="TRUE">slope_s</attalias><attrtype Sync="TRUE">Double</attrtype><attwidth Sync="TRUE">19</attwidth><atprecis Sync="TRUE">18</atprecis><attscale Sync="TRUE">15</attscale></attr><attr><attrlabl Sync="TRUE">maxslp_s</attrlabl><attalias Sync="TRUE">maxslp_s</attalias><attrtype Sync="TRUE">Double</attrtype><attwidth Sync="TRUE">19</attwidth><atprecis Sync="TRUE">18</atprecis><attscale Sync="TRUE">15</attscale></attr></detailed></eainfo><mdDateSt Sync="TRUE">20250605</mdDateSt></metadata>
