<?xml version="1.0"?>
<metadata xml:lang="en"><Esri><CreaDate>20240725</CreaDate><CreaTime>17084900</CreaTime><ArcGISFormat>1.0</ArcGISFormat><SyncOnce>FALSE</SyncOnce><DataProperties><lineage><Process ToolSource="c:\program files\arcgis\pro\Resources\ArcToolbox\toolboxes\Data Management Tools.tbx\CopyFeatures" Date="20240725" Time="163851" Name="" export="">CopyFeatures AssessorParcelsCLOSED "M:\CARE_GIS\CARE_Spatial Data\CARE_Publication Files\Archive\Tax Parcels\2024\2024_Q4_20240725_CLOSED\AssessorParcelsCLOSED.shp" # # # #</Process><Process ToolSource="c:\program files\arcgis\pro\Resources\ArcToolbox\toolboxes\Data Management Tools.tbx\Rename" Date="20240725" Time="163928" Name="" export="">Rename "M:\CARE_GIS\CARE_Spatial Data\CARE_Publication Files\Archive\Tax Parcels\2024\2024_Q4_20240725_CLOSED\AssessorParcelsCLOSED.shp" "M:\CARE_GIS\CARE_Spatial Data\CARE_Publication Files\Archive\Tax Parcels\2024\2024_Q4_20240725_CLOSED\AssessorParcels_Q4_20240725_CLOSED.shp" ShapeFile</Process><Process ToolSource="c:\program files\arcgis\pro\Resources\ArcToolbox\toolboxes\Conversion Tools.tbx\ExportFeatures" Date="20240725" Time="170751">ExportFeatures AssessorParcels_Q4_20240725_CLOSED "M:\CARE_GIS\CARE_Spatial Data\CARE_Publication Files\Archive\Tax Parcels\NoOwner\2024\AssessorParcelsCLOSED_NoOwner.shp" # NOT_USE_ALIAS "APN "APN" true true false 11 Text 0 0,First,#,AssessorParcels_Q4_20240725_CLOSED,APN,0,10;RollYear "RollYear" true true false 10 Long 0 0,First,#,AssessorParcels_Q4_20240725_CLOSED,RollYear,-1,-1;Pct "Pct" true true false 19 Double 0 0,First,#,AssessorParcels_Q4_20240725_CLOSED,Pct,-1,-1;Situs1 "Situs1" true true false 35 Text 0 0,First,#,AssessorParcels_Q4_20240725_CLOSED,Situs1,0,34;Situs2 "Situs2" true true false 30 Text 0 0,First,#,AssessorParcels_Q4_20240725_CLOSED,Situs2,0,29;Acreage "Acreage" true true false 19 Double 0 0,First,#,AssessorParcels_Q4_20240725_CLOSED,Acreage,-1,-1;LandUse "LandUse" true true false 50 Text 0 0,First,#,AssessorParcels_Q4_20240725_CLOSED,LandUse,0,49;UseCode "UseCode" true true false 4 Text 0 0,First,#,AssessorParcels_Q4_20240725_CLOSED,UseCode,0,3;TRA "TRA" true true false 6 Text 0 0,First,#,AssessorParcels_Q4_20240725_CLOSED,TRA,0,5;DocNum "DocNum" true true false 10 Text 0 0,First,#,AssessorParcels_Q4_20240725_CLOSED,DocNum,0,9;DocDate "DocDate" true true false 254 Text 0 0,First,#,AssessorParcels_Q4_20240725_CLOSED,DocDate,0,253;PctTransf "PctTransf" true true false 19 Double 0 0,First,#,AssessorParcels_Q4_20240725_CLOSED,PctTransf,-1,-1;ValReason "ValReason" true true false 4 Text 0 0,First,#,AssessorParcels_Q4_20240725_CLOSED,ValReason,0,3;NonTaxCode "NonTaxCode" true true false 2 Text 0 0,First,#,AssessorParcels_Q4_20240725_CLOSED,NonTaxCode,0,1;SBENo "SBENo" true true false 50 Text 0 0,First,#,AssessorParcels_Q4_20240725_CLOSED,SBENo,0,49;AgPres "AgPres" true true false 10 Text 0 0,First,#,AssessorParcels_Q4_20240725_CLOSED,AgPres,0,9;LandValue "LandValue" true true false 10 Long 0 0,First,#,AssessorParcels_Q4_20240725_CLOSED,LandValue,-1,-1;StrImpr "StrImpr" true true false 10 Long 0 0,First,#,AssessorParcels_Q4_20240725_CLOSED,StrImpr,-1,-1;TradeFix "TradeFix" true true false 10 Long 0 0,First,#,AssessorParcels_Q4_20240725_CLOSED,TradeFix,-1,-1;LivImpr "LivImpr" true true false 10 Long 0 0,First,#,AssessorParcels_Q4_20240725_CLOSED,LivImpr,-1,-1;PerPropDec "PerPropDec" true true false 10 Long 0 0,First,#,AssessorParcels_Q4_20240725_CLOSED,PerPropDec,-1,-1;PersPropUn "PersPropUn" true true false 10 Long 0 0,First,#,AssessorParcels_Q4_20240725_CLOSED,PersPropUn,-1,-1;MobileHome "MobileHome" true true false 10 Long 0 0,First,#,AssessorParcels_Q4_20240725_CLOSED,MobileHome,-1,-1;Exemptions "Exemptions" true true false 10 Long 0 0,First,#,AssessorParcels_Q4_20240725_CLOSED,Exemptions,-1,-1;ExempCode "ExempCode" true true false 3 Text 0 0,First,#,AssessorParcels_Q4_20240725_CLOSED,ExempCode,0,2;HomeOwEx "HomeOwEx" true true false 10 Long 0 0,First,#,AssessorParcels_Q4_20240725_CLOSED,HomeOwEx,-1,-1;NetSecVal "NetSecVal" true true false 10 Long 0 0,First,#,AssessorParcels_Q4_20240725_CLOSED,NetSecVal,-1,-1;Net_Impr "Net_Impr" true true false 10 Long 0 0,First,#,AssessorParcels_Q4_20240725_CLOSED,Net_Impr,-1,-1;Net_Pers "Net_Pers" true true false 10 Long 0 0,First,#,AssessorParcels_Q4_20240725_CLOSED,Net_Pers,-1,-1;Net_UNX "Net_UNX" true true false 10 Long 0 0,First,#,AssessorParcels_Q4_20240725_CLOSED,Net_UNX,-1,-1;Net_AV "Net_AV" true true false 10 Long 0 0,First,#,AssessorParcels_Q4_20240725_CLOSED,Net_AV,-1,-1;MNumber "MNumber" true true false 6 Text 0 0,First,#,AssessorParcels_Q4_20240725_CLOSED,MNumber,0,5;MFrac "MFrac" true true false 4 Text 0 0,First,#,AssessorParcels_Q4_20240725_CLOSED,MFrac,0,3;MDir "MDir" true true false 2 Text 0 0,First,#,AssessorParcels_Q4_20240725_CLOSED,MDir,0,1;MStreet "MStreet" true true false 50 Text 0 0,First,#,AssessorParcels_Q4_20240725_CLOSED,MStreet,0,49;MStrSuffix "MStrSuffix" true true false 4 Text 0 0,First,#,AssessorParcels_Q4_20240725_CLOSED,MStrSuffix,0,3;MUnitType "MUnitType" true true false 4 Text 0 0,First,#,AssessorParcels_Q4_20240725_CLOSED,MUnitType,0,3;MUnitNumb "MUnitNumb" true true false 8 Text 0 0,First,#,AssessorParcels_Q4_20240725_CLOSED,MUnitNumb,0,7;POBox "POBox" true true false 20 Text 0 0,First,#,AssessorParcels_Q4_20240725_CLOSED,POBox,0,19;MCity "MCity" true true false 30 Text 0 0,First,#,AssessorParcels_Q4_20240725_CLOSED,MCity,0,29;MZip "MZip" true true false 5 Text 0 0,First,#,AssessorParcels_Q4_20240725_CLOSED,MZip,0,4;MZipExt "MZipExt" true true false 4 Text 0 0,First,#,AssessorParcels_Q4_20240725_CLOSED,MZipExt,0,3;MState "MState" true true false 50 Text 0 0,First,#,AssessorParcels_Q4_20240725_CLOSED,MState,0,49;Country "Country" true true false 50 Text 0 0,First,#,AssessorParcels_Q4_20240725_CLOSED,Country,0,49;SNum "SNum" true true false 6 Text 0 0,First,#,AssessorParcels_Q4_20240725_CLOSED,SNum,0,5;SFra "SFra" true true false 4 Text 0 0,First,#,AssessorParcels_Q4_20240725_CLOSED,SFra,0,3;SDir "SDir" true true false 2 Text 0 0,First,#,AssessorParcels_Q4_20240725_CLOSED,SDir,0,1;SStreet "SStreet" true true false 50 Text 0 0,First,#,AssessorParcels_Q4_20240725_CLOSED,SStreet,0,49;SStreetSuf "SStreetSuf" true true false 4 Text 0 0,First,#,AssessorParcels_Q4_20240725_CLOSED,SStreetSuf,0,3;SUnitType "SUnitType" true true false 4 Text 0 0,First,#,AssessorParcels_Q4_20240725_CLOSED,SUnitType,0,3;SUnitNumb "SUnitNumb" true true false 8 Text 0 0,First,#,AssessorParcels_Q4_20240725_CLOSED,SUnitNumb,0,7;SCity "SCity" true true false 30 Text 0 0,First,#,AssessorParcels_Q4_20240725_CLOSED,SCity,0,29;SZip "SZip" true true false 5 Text 0 0,First,#,AssessorParcels_Q4_20240725_CLOSED,SZip,0,4;SZipExt "SZipExt" true true false 4 Text 0 0,First,#,AssessorParcels_Q4_20240725_CLOSED,SZipExt,0,3;M_Address1 "M_Address1" true true false 60 Text 0 0,First,#,AssessorParcels_Q4_20240725_CLOSED,M_Address1,0,59;M_Address2 "M_Address2" true true false 50 Text 0 0,First,#,AssessorParcels_Q4_20240725_CLOSED,M_Address2,0,49;AsmRollId "AsmRollId" true true false 10 Long 0 0,First,#,AssessorParcels_Q4_20240725_CLOSED,AsmRollId,-1,-1;Apn9 "Apn9" true true false 9 Text 0 0,First,#,AssessorParcels_Q4_20240725_CLOSED,Apn9,0,8;PropID "PropID" true true false 9 Text 0 0,First,#,AssessorParcels_Q4_20240725_CLOSED,PropID,0,8;SqFootage "SqFootage" true true false 10 Long 0 0,First,#,AssessorParcels_Q4_20240725_CLOSED,SqFootage,-1,-1;YearBuilt "YearBuilt" true true false 4 Text 0 0,First,#,AssessorParcels_Q4_20240725_CLOSED,YearBuilt,0,3;Bedrooms "Bedrooms" true true false 10 Long 0 0,First,#,AssessorParcels_Q4_20240725_CLOSED,Bedrooms,-1,-1;Bathrooms "Bathrooms" true true false 19 Double 0 0,First,#,AssessorParcels_Q4_20240725_CLOSED,Bathrooms,-1,-1;MapType "MapType" true true false 6 Text 0 0,First,#,AssessorParcels_Q4_20240725_CLOSED,MapType,0,5;RecMapNum "RecMapNum" true true false 7 Text 0 0,First,#,AssessorParcels_Q4_20240725_CLOSED,RecMapNum,0,6;TractName "TractName" true true false 35 Text 0 0,First,#,AssessorParcels_Q4_20240725_CLOSED,TractName,0,34;RecMapBook "RecMapBook" true true false 11 Text 0 0,First,#,AssessorParcels_Q4_20240725_CLOSED,RecMapBook,0,10;RecMapDate "RecMapDate" true true false 254 Text 0 0,First,#,AssessorParcels_Q4_20240725_CLOSED,RecMapDate,0,253;BlockSecti "BlockSecti" true true false 7 Text 0 0,First,#,AssessorParcels_Q4_20240725_CLOSED,BlockSecti,0,6;LotNum "LotNum" true true false 16 Text 0 0,First,#,AssessorParcels_Q4_20240725_CLOSED,LotNum,0,15;UnitNum "UnitNum" true true false 5 Text 0 0,First,#,AssessorParcels_Q4_20240725_CLOSED,UnitNum,0,4;Area "Area" true true false 19 Double 0 0,First,#,AssessorParcels_Q4_20240725_CLOSED,Area,-1,-1;AreaUnit "AreaUnit" true true false 2 Text 0 0,First,#,AssessorParcels_Q4_20240725_CLOSED,AreaUnit,0,1;Section "Section" true true false 2 Short 0 0,First,#,AssessorParcels_Q4_20240725_CLOSED,Section,-1,-1;Township "Township" true true false 2 Short 0 0,First,#,AssessorParcels_Q4_20240725_CLOSED,Township,-1,-1;Range "Range" true true false 2 Short 0 0,First,#,AssessorParcels_Q4_20240725_CLOSED,Range,-1,-1;TaxBill "TaxBill" true true false 120 Text 0 0,First,#,AssessorParcels_Q4_20240725_CLOSED,TaxBill,0,119;BkPgLnk "BkPgLnk" true true false 49 Text 0 0,First,#,AssessorParcels_Q4_20240725_CLOSED,BkPgLnk,0,48;WEB_LINK "WEB_LINK" true true false 59 Text 0 0,First,#,AssessorParcels_Q4_20240725_CLOSED,WEB_LINK,0,58" #</Process><Process ToolSource="c:\program files\arcgis\pro\Resources\ArcToolbox\toolboxes\Data Management Tools.tbx\Copy" Date="20240725" Time="170849">Copy "M:\CARE_GIS\CARE_Spatial Data\CARE_Publication Files\Archive\Tax Parcels\NoOwner\2024\AssessorParcelsCLOSED_NoOwner.shp" "M:\CARE_GIS\CARE_Spatial Data\CARE_Publication Files\Archive\Tax Parcels\NoOwner\2024\2024_Q4_20240725_CLOSED\AssessorParcelsCLOSED_NoOwner.shp" Shapefile #</Process><Process ToolSource="c:\program files\arcgis\pro\Resources\ArcToolbox\toolboxes\Conversion Tools.tbx\ExportFeatures" Date="20250606" Time="154034">ExportFeatures AssessorParcelsCLOSED_NoOwner C:\Users\Thelonious\Desktop\firewise_parcel_treatment\data\data\data\updated_raw_parcels.shp # NOT_USE_ALIAS "APN "APN" true true false 11 Text 0 0,First,#,AssessorParcelsCLOSED_NoOwner,APN,0,11;RollYear "RollYear" true true false 10 Long 0 10,First,#,AssessorParcelsCLOSED_NoOwner,RollYear,-1,-1;Pct "Pct" true true false 19 Double 0 0,First,#,AssessorParcelsCLOSED_NoOwner,Pct,-1,-1;Situs1 "Situs1" true true false 35 Text 0 0,First,#,AssessorParcelsCLOSED_NoOwner,Situs1,0,35;Situs2 "Situs2" true true false 30 Text 0 0,First,#,AssessorParcelsCLOSED_NoOwner,Situs2,0,30;Acreage "Acreage" true true false 19 Double 0 0,First,#,AssessorParcelsCLOSED_NoOwner,Acreage,-1,-1;LandUse "LandUse" true true false 50 Text 0 0,First,#,AssessorParcelsCLOSED_NoOwner,LandUse,0,50;UseCode "UseCode" true true false 4 Text 0 0,First,#,AssessorParcelsCLOSED_NoOwner,UseCode,0,4;TRA "TRA" true true false 6 Text 0 0,First,#,AssessorParcelsCLOSED_NoOwner,TRA,0,6;DocNum "DocNum" true true false 10 Text 0 0,First,#,AssessorParcelsCLOSED_NoOwner,DocNum,0,10;DocDate "DocDate" true true false 254 Text 0 0,First,#,AssessorParcelsCLOSED_NoOwner,DocDate,0,254;PctTransf "PctTransf" true true false 19 Double 0 0,First,#,AssessorParcelsCLOSED_NoOwner,PctTransf,-1,-1;ValReason "ValReason" true true false 4 Text 0 0,First,#,AssessorParcelsCLOSED_NoOwner,ValReason,0,4;NonTaxCode "NonTaxCode" true true false 2 Text 0 0,First,#,AssessorParcelsCLOSED_NoOwner,NonTaxCode,0,2;SBENo "SBENo" true true false 50 Text 0 0,First,#,AssessorParcelsCLOSED_NoOwner,SBENo,0,50;AgPres "AgPres" true true false 10 Text 0 0,First,#,AssessorParcelsCLOSED_NoOwner,AgPres,0,10;LandValue "LandValue" true true false 10 Long 0 10,First,#,AssessorParcelsCLOSED_NoOwner,LandValue,-1,-1;StrImpr "StrImpr" true true false 10 Long 0 10,First,#,AssessorParcelsCLOSED_NoOwner,StrImpr,-1,-1;TradeFix "TradeFix" true true false 10 Long 0 10,First,#,AssessorParcelsCLOSED_NoOwner,TradeFix,-1,-1;LivImpr "LivImpr" true true false 10 Long 0 10,First,#,AssessorParcelsCLOSED_NoOwner,LivImpr,-1,-1;PerPropDec "PerPropDec" true true false 10 Long 0 10,First,#,AssessorParcelsCLOSED_NoOwner,PerPropDec,-1,-1;PersPropUn "PersPropUn" true true false 10 Long 0 10,First,#,AssessorParcelsCLOSED_NoOwner,PersPropUn,-1,-1;MobileHome "MobileHome" true true false 10 Long 0 10,First,#,AssessorParcelsCLOSED_NoOwner,MobileHome,-1,-1;Exemptions "Exemptions" true true false 10 Long 0 10,First,#,AssessorParcelsCLOSED_NoOwner,Exemptions,-1,-1;ExempCode "ExempCode" true true false 3 Text 0 0,First,#,AssessorParcelsCLOSED_NoOwner,ExempCode,0,3;HomeOwEx "HomeOwEx" true true false 10 Long 0 10,First,#,AssessorParcelsCLOSED_NoOwner,HomeOwEx,-1,-1;NetSecVal "NetSecVal" true true false 10 Long 0 10,First,#,AssessorParcelsCLOSED_NoOwner,NetSecVal,-1,-1;Net_Impr "Net_Impr" true true false 10 Long 0 10,First,#,AssessorParcelsCLOSED_NoOwner,Net_Impr,-1,-1;Net_Pers "Net_Pers" true true false 10 Long 0 10,First,#,AssessorParcelsCLOSED_NoOwner,Net_Pers,-1,-1;Net_UNX "Net_UNX" true true false 10 Long 0 10,First,#,AssessorParcelsCLOSED_NoOwner,Net_UNX,-1,-1;Net_AV "Net_AV" true true false 10 Long 0 10,First,#,AssessorParcelsCLOSED_NoOwner,Net_AV,-1,-1;MNumber "MNumber" true true false 6 Text 0 0,First,#,AssessorParcelsCLOSED_NoOwner,MNumber,0,6;MFrac "MFrac" true true false 4 Text 0 0,First,#,AssessorParcelsCLOSED_NoOwner,MFrac,0,4;MDir "MDir" true true false 2 Text 0 0,First,#,AssessorParcelsCLOSED_NoOwner,MDir,0,2;MStreet "MStreet" true true false 50 Text 0 0,First,#,AssessorParcelsCLOSED_NoOwner,MStreet,0,50;MStrSuffix "MStrSuffix" true true false 4 Text 0 0,First,#,AssessorParcelsCLOSED_NoOwner,MStrSuffix,0,4;MUnitType "MUnitType" true true false 4 Text 0 0,First,#,AssessorParcelsCLOSED_NoOwner,MUnitType,0,4;MUnitNumb "MUnitNumb" true true false 8 Text 0 0,First,#,AssessorParcelsCLOSED_NoOwner,MUnitNumb,0,8;POBox "POBox" true true false 20 Text 0 0,First,#,AssessorParcelsCLOSED_NoOwner,POBox,0,20;MCity "MCity" true true false 30 Text 0 0,First,#,AssessorParcelsCLOSED_NoOwner,MCity,0,30;MZip "MZip" true true false 5 Text 0 0,First,#,AssessorParcelsCLOSED_NoOwner,MZip,0,5;MZipExt "MZipExt" true true false 4 Text 0 0,First,#,AssessorParcelsCLOSED_NoOwner,MZipExt,0,4;MState "MState" true true false 50 Text 0 0,First,#,AssessorParcelsCLOSED_NoOwner,MState,0,50;Country "Country" true true false 50 Text 0 0,First,#,AssessorParcelsCLOSED_NoOwner,Country,0,50;SNum "SNum" true true false 6 Text 0 0,First,#,AssessorParcelsCLOSED_NoOwner,SNum,0,6;SFra "SFra" true true false 4 Text 0 0,First,#,AssessorParcelsCLOSED_NoOwner,SFra,0,4;SDir "SDir" true true false 2 Text 0 0,First,#,AssessorParcelsCLOSED_NoOwner,SDir,0,2;SStreet "SStreet" true true false 50 Text 0 0,First,#,AssessorParcelsCLOSED_NoOwner,SStreet,0,50;SStreetSuf "SStreetSuf" true true false 4 Text 0 0,First,#,AssessorParcelsCLOSED_NoOwner,SStreetSuf,0,4;SUnitType "SUnitType" true true false 4 Text 0 0,First,#,AssessorParcelsCLOSED_NoOwner,SUnitType,0,4;SUnitNumb "SUnitNumb" true true false 8 Text 0 0,First,#,AssessorParcelsCLOSED_NoOwner,SUnitNumb,0,8;SCity "SCity" true true false 30 Text 0 0,First,#,AssessorParcelsCLOSED_NoOwner,SCity,0,30;SZip "SZip" true true false 5 Text 0 0,First,#,AssessorParcelsCLOSED_NoOwner,SZip,0,5;SZipExt "SZipExt" true true false 4 Text 0 0,First,#,AssessorParcelsCLOSED_NoOwner,SZipExt,0,4;M_Address1 "M_Address1" true true false 60 Text 0 0,First,#,AssessorParcelsCLOSED_NoOwner,M_Address1,0,60;M_Address2 "M_Address2" true true false 50 Text 0 0,First,#,AssessorParcelsCLOSED_NoOwner,M_Address2,0,50;AsmRollId "AsmRollId" true true false 10 Long 0 10,First,#,AssessorParcelsCLOSED_NoOwner,AsmRollId,-1,-1;Apn9 "Apn9" true true false 9 Text 0 0,First,#,AssessorParcelsCLOSED_NoOwner,Apn9,0,9;PropID "PropID" true true false 9 Text 0 0,First,#,AssessorParcelsCLOSED_NoOwner,PropID,0,9;SqFootage "SqFootage" true true false 10 Long 0 10,First,#,AssessorParcelsCLOSED_NoOwner,SqFootage,-1,-1;YearBuilt "YearBuilt" true true false 4 Text 0 0,First,#,AssessorParcelsCLOSED_NoOwner,YearBuilt,0,4;Bedrooms "Bedrooms" true true false 10 Long 0 10,First,#,AssessorParcelsCLOSED_NoOwner,Bedrooms,-1,-1;Bathrooms "Bathrooms" true true false 19 Double 0 0,First,#,AssessorParcelsCLOSED_NoOwner,Bathrooms,-1,-1;MapType "MapType" true true false 6 Text 0 0,First,#,AssessorParcelsCLOSED_NoOwner,MapType,0,6;RecMapNum "RecMapNum" true true false 7 Text 0 0,First,#,AssessorParcelsCLOSED_NoOwner,RecMapNum,0,7;TractName "TractName" true true false 35 Text 0 0,First,#,AssessorParcelsCLOSED_NoOwner,TractName,0,35;RecMapBook "RecMapBook" true true false 11 Text 0 0,First,#,AssessorParcelsCLOSED_NoOwner,RecMapBook,0,11;RecMapDate "RecMapDate" true true false 254 Text 0 0,First,#,AssessorParcelsCLOSED_NoOwner,RecMapDate,0,254;BlockSecti "BlockSecti" true true false 7 Text 0 0,First,#,AssessorParcelsCLOSED_NoOwner,BlockSecti,0,7;LotNum "LotNum" true true false 16 Text 0 0,First,#,AssessorParcelsCLOSED_NoOwner,LotNum,0,16;UnitNum "UnitNum" true true false 5 Text 0 0,First,#,AssessorParcelsCLOSED_NoOwner,UnitNum,0,5;Area "Area" true true false 19 Double 0 0,First,#,AssessorParcelsCLOSED_NoOwner,Area,-1,-1;AreaUnit "AreaUnit" true true false 2 Text 0 0,First,#,AssessorParcelsCLOSED_NoOwner,AreaUnit,0,2;Section "Section" true true false 5 Long 0 5,First,#,AssessorParcelsCLOSED_NoOwner,Section,-1,-1;Township "Township" true true false 5 Long 0 5,First,#,AssessorParcelsCLOSED_NoOwner,Township,-1,-1;Range "Range" true true false 5 Long 0 5,First,#,AssessorParcelsCLOSED_NoOwner,Range,-1,-1;TaxBill "TaxBill" true true false 120 Text 0 0,First,#,AssessorParcelsCLOSED_NoOwner,TaxBill,0,120;BkPgLnk "BkPgLnk" true true false 49 Text 0 0,First,#,AssessorParcelsCLOSED_NoOwner,BkPgLnk,0,49;WEB_LINK "WEB_LINK" true true false 59 Text 0 0,First,#,AssessorParcelsCLOSED_NoOwner,WEB_LINK,0,59" #</Process></lineage><itemProps><itemName Sync="TRUE">updated_raw_parcels</itemName><imsContentType Sync="TRUE">002</imsContentType><nativeExtBox><westBL Sync="TRUE">5760742.566324</westBL><eastBL Sync="TRUE">6248273.878005</eastBL><southBL Sync="TRUE">1629348.126752</southBL><northBL Sync="TRUE">2234398.805099</northBL><exTypeCode Sync="TRUE">1</exTypeCode></nativeExtBox><itemSize Sync="TRUE">0.000</itemSize><itemLocation><linkage Sync="TRUE">file://\\MURRAYLAB-PC4\C$\Users\Thelonious\Desktop\firewise_parcel_treatment\data\data\data\updated_raw_parcels.shp</linkage><protocol Sync="TRUE">Local Area Network</protocol></itemLocation></itemProps><coordRef><type Sync="TRUE">Projected</type><geogcsn Sync="TRUE">GCS_North_American_1983</geogcsn><csUnits Sync="TRUE">Linear Unit: Foot_US (0.304801)</csUnits><projcsn Sync="TRUE">NAD_1983_StatePlane_California_V_FIPS_0405_Feet</projcsn><peXml Sync="TRUE">&lt;ProjectedCoordinateSystem xsi:type='typens:ProjectedCoordinateSystem' xmlns:xsi='http://www.w3.org/2001/XMLSchema-instance' xmlns:xs='http://www.w3.org/2001/XMLSchema' xmlns:typens='http://www.esri.com/schemas/ArcGIS/3.1.0'&gt;&lt;WKT&gt;PROJCS[&amp;quot;NAD_1983_StatePlane_California_V_FIPS_0405_Feet&amp;quot;,GEOGCS[&amp;quot;GCS_North_American_1983&amp;quot;,DATUM[&amp;quot;D_North_American_1983&amp;quot;,SPHEROID[&amp;quot;GRS_1980&amp;quot;,6378137.0,298.257222101]],PRIMEM[&amp;quot;Greenwich&amp;quot;,0.0],UNIT[&amp;quot;Degree&amp;quot;,0.0174532925199433]],PROJECTION[&amp;quot;Lambert_Conformal_Conic&amp;quot;],PARAMETER[&amp;quot;False_Easting&amp;quot;,6561666.666666666],PARAMETER[&amp;quot;False_Northing&amp;quot;,1640416.666666667],PARAMETER[&amp;quot;Central_Meridian&amp;quot;,-118.0],PARAMETER[&amp;quot;Standard_Parallel_1&amp;quot;,34.03333333333333],PARAMETER[&amp;quot;Standard_Parallel_2&amp;quot;,35.46666666666667],PARAMETER[&amp;quot;Latitude_Of_Origin&amp;quot;,33.5],UNIT[&amp;quot;Foot_US&amp;quot;,0.3048006096012192],AUTHORITY[&amp;quot;EPSG&amp;quot;,2229]]&lt;/WKT&gt;&lt;XOrigin&gt;-117608900&lt;/XOrigin&gt;&lt;YOrigin&gt;-91881400&lt;/YOrigin&gt;&lt;XYScale&gt;36269466.692146368&lt;/XYScale&gt;&lt;ZOrigin&gt;-100000&lt;/ZOrigin&gt;&lt;ZScale&gt;10000&lt;/ZScale&gt;&lt;MOrigin&gt;-100000&lt;/MOrigin&gt;&lt;MScale&gt;10000&lt;/MScale&gt;&lt;XYTolerance&gt;0.0032808333333333331&lt;/XYTolerance&gt;&lt;ZTolerance&gt;0.001&lt;/ZTolerance&gt;&lt;MTolerance&gt;0.001&lt;/MTolerance&gt;&lt;HighPrecision&gt;true&lt;/HighPrecision&gt;&lt;WKID&gt;102645&lt;/WKID&gt;&lt;LatestWKID&gt;2229&lt;/LatestWKID&gt;&lt;/ProjectedCoordinateSystem&gt;</peXml></coordRef><copyHistory><copy source="M:\CARE_GIS\CARE_Spatial Data\CARE_Publication Files\Archive\Tax Parcels\NoOwner\2024\AssessorParcelsCLOSED_NoOwner" dest="\\caregis3\f$share\CARE_GIS\CARE_Spatial Data\CARE_Publication Files\Archive\Tax Parcels\NoOwner\2024\2024_Q4_20240725_CLOSED\AssessorParcelsCLOSED_NoOwner" date="20240725" time="17084900"></copy></copyHistory></DataProperties><scaleRange><minScale>150000000</minScale><maxScale>5000</maxScale></scaleRange><SyncDate>20250606</SyncDate><SyncTime>15401100</SyncTime><ModDate>20250606</ModDate><ModTime>15401100</ModTime><ArcGISProfile>ItemDescription</ArcGISProfile></Esri><mdChar><CharSetCd value="004"/></mdChar><mdHrLv><ScopeCd value="005"/></mdHrLv><mdDateSt Sync="TRUE">20250606</mdDateSt><mdStanName>ArcGIS Metadata</mdStanName><mdStanVer>1.0</mdStanVer><dataIdInfo><idCitation><resTitle>AssessorParcelsCLOSED</resTitle><presForm><PresFormCd value="005"/></presForm><presForm><fgdcGeoform>vector digital data</fgdcGeoform></presForm></idCitation><idAbs>&lt;DIV STYLE="text-align:Left;"&gt;&lt;DIV&gt;&lt;DIV&gt;&lt;P&gt;&lt;SPAN&gt;This layer is a representation of the Santa Barbara County Assessor Parcel maps created for tax assessment purposes only. This layer was originally built in the late 1990's by digitizing Assessor map pages and first rubber sheeting to Assessor book indexes that were COGOed for this project and those indexes to USGS Quadrangle maps and County Flood Control topo maps. In 1998, the Assessor purchased a GPS road centerline to acquire better positional accuracy and the full parcel layer was adjusted. In 2000 the County acquired its first full county digital orthoimagery, which enabled a better ortho rectified control in many areas to improve the accuracy of the Basemap. Overtime, the spatial accuracy of this layer has improved significantly by COGOing entire Assessor Parcel Map pages and new subdivisions then rubber sheeting to those pages. When geodetic control first started showing up on recorded subdivision maps, we were able to start placing COGOed parcels to their exact location. As countywide orthoimagery gets more accurate and the number of Record of Survey and subdivision maps record with geodetic control increases, the greater the positional accuracy of the parcels on this layer will increase. Parcel polygon attributes have been updated to include Assessor property characteristics as well.&lt;/SPAN&gt;&lt;/P&gt;&lt;P&gt;&lt;SPAN STYLE="font-weight:bold;"&gt;This is the Final Closed Roll Assessor Parcels for 2024&lt;/SPAN&gt;&lt;/P&gt;&lt;P&gt;&lt;SPAN /&gt;&lt;/P&gt;&lt;/DIV&gt;&lt;/DIV&gt;&lt;/DIV&gt;</idAbs><idPurp>Countywide GIS tax parcel layer was created for tax assessment purposes only.  these parcels are not intended to indicate either parcel legality or a valid building site. This data has not been prepared for legal, engineering or surveying purposes.
This dataset was originally started in July 1997 and completed in December of 1999. This allowed users for the first time to work with a seamless county-wide tax parcel layer, populated by assessor's information. This layer has been an enormous value not only for tax assessment purposes, but for various other County operations as well.  The layer is used by a large number of public and private entities as well. Land ownership boundaries are a fundamental dataset of administrative functions. Most County GIS data layers are registered to this Basemap layer.

NOTE: The Assessor combines lots and parcels on ownership based on an Assessor defined economic unit, not necessarily on a legal lot. The Assessor also splits lots and parcels divided by TRA boundaries, Assessor Map page breaks, road easement lines, illegal ownership lines, 35+ year leases, some Agricultural Preserve boundaries, and other possible miscellaneous reasons.</idPurp><idCredit>Santa Barbara County Clerk-Recorder-Assessor Mapping Department</idCredit><themeKeys><keyword>parcels</keyword><keyword>assessment</keyword><keyword>tax</keyword><keyword>Santa Barbara County</keyword><keyword>basemap</keyword><keyword>planning</keyword><keyword>cadastre</keyword><keyword>cadastral</keyword><keyword>assessor</keyword><keyword>clerk-recorder-assessor</keyword><keyword>County of Santa Barbara</keyword></themeKeys><searchKeys><keyword>parcels</keyword><keyword>assessment</keyword><keyword>tax</keyword><keyword>Santa Barbara County</keyword><keyword>basemap</keyword><keyword>planning</keyword><keyword>cadastre</keyword><keyword>cadastral</keyword><keyword>assessor</keyword><keyword>clerk-recorder-assessor</keyword><keyword>County of Santa Barbara</keyword></searchKeys><resConst><Consts><useLimit>&lt;DIV STYLE="text-align:Left;"&gt;&lt;DIV&gt;&lt;DIV&gt;&lt;P&gt;&lt;SPAN STYLE="font-weight:bold;"&gt;This data shall not be published over the public internet by any state or local agency due to Government Code section 6254.21(a) &amp;amp;amp; (f)(13) and 6254.24 which prohibits any state or local agency from posting on the Internet the home address or telephone number of any appointed, elected, or public safety officials. County of Santa Barbara Clerk-Recorder-Assessor &amp;amp;amp; Registrar of Voters does not assume liability for any damages caused by any errors or omissions in the data, nor as a result of improper use of the dataset. No representations, express or implied are made, as to the accuracy of the information, maps or data contained herein. The dataset is for representational purposes only and is not intended to obtain coordinate values, distances or bearings. This data is provided with the understanding that is not guaranteed to be correct or complete and conclusions drawn from such information are the responsibility of the user.&lt;/SPAN&gt;&lt;/P&gt;&lt;/DIV&gt;&lt;/DIV&gt;&lt;/DIV&gt;</useLimit></Consts></resConst><spatRpType><SpatRepTypCd value="001"/></spatRpType><envirDesc> Version 6.2 (Build 9200) ; Esri ArcGIS 10.8.1.14362</envirDesc><dataExt><geoEle><GeoBndBox><exTypeCode>true</exTypeCode><westBL>-120.678021</westBL><eastBL>-119.027408</eastBL><northBL>35.127639</northBL><southBL>33.440849</southBL></GeoBndBox></geoEle></dataExt><dataLang><languageCode value="eng" Sync="TRUE"/><countryCode value="USA" Sync="TRUE"/></dataLang><dataExt><geoEle xmlns=""><GeoBndBox esriExtentType="search"><exTypeCode Sync="TRUE">1</exTypeCode><westBL Sync="TRUE">-120.678021</westBL><eastBL Sync="TRUE">-119.027408</eastBL><northBL Sync="TRUE">35.127639</northBL><southBL Sync="TRUE">33.440849</southBL></GeoBndBox></geoEle></dataExt><tpCat><TopicCatCd value="015"/></tpCat></dataIdInfo><spatRepInfo><VectSpatRep><geometObjs Name="updated_raw_parcels"><geoObjTyp><GeoObjTypCd value="002" Sync="TRUE"></GeoObjTypCd></geoObjTyp><geoObjCnt Sync="TRUE">0</geoObjCnt></geometObjs><topLvl><TopoLevCd value="001" Sync="TRUE"></TopoLevCd></topLvl></VectSpatRep></spatRepInfo><eainfo><detailed Name="updated_raw_parcels"><enttyp><enttypl>AssessorParcels20220804</enttypl><enttypt Sync="TRUE">Feature Class</enttypt><enttypc Sync="TRUE">0</enttypc></enttyp><attr><attrlabl>FID</attrlabl><attrdef>Internal feature number.</attrdef><attrdefs>Esri</attrdefs><attrdomv><udom>Sequential unique whole numbers that are automatically generated.</udom></attrdomv><attalias Sync="TRUE">FID</attalias><attrtype Sync="TRUE">OID</attrtype><attwidth Sync="TRUE">4</attwidth><atprecis Sync="TRUE">0</atprecis><attscale Sync="TRUE">0</attscale></attr><attr><attrlabl>Country</attrlabl><attalias Sync="TRUE">Country</attalias><attrtype Sync="TRUE">String</attrtype><attwidth Sync="TRUE">50</attwidth><atprecis Sync="TRUE">0</atprecis><attscale Sync="TRUE">0</attscale></attr><attr><attrlabl>Township</attrlabl><attalias Sync="TRUE">Township</attalias><attrtype Sync="TRUE">Integer</attrtype><attwidth Sync="TRUE">5</attwidth><atprecis Sync="TRUE">5</atprecis><attscale Sync="TRUE">0</attscale></attr><attr><attrlabl Sync="TRUE">RollYear</attrlabl><attalias Sync="TRUE">RollYear</attalias><attrtype Sync="TRUE">Integer</attrtype><attwidth Sync="TRUE">10</attwidth><atprecis Sync="TRUE">10</atprecis><attscale Sync="TRUE">0</attscale></attr><attr><attrlabl>TractName</attrlabl><attalias Sync="TRUE">TractName</attalias><attrtype Sync="TRUE">String</attrtype><attwidth Sync="TRUE">35</attwidth><atprecis Sync="TRUE">0</atprecis><attscale Sync="TRUE">0</attscale></attr><attr><attrlabl>MFrac</attrlabl><attalias Sync="TRUE">MFrac</attalias><attrtype Sync="TRUE">String</attrtype><attwidth Sync="TRUE">4</attwidth><atprecis Sync="TRUE">0</atprecis><attscale Sync="TRUE">0</attscale></attr><attr><attrlabl>SStreet</attrlabl><attalias Sync="TRUE">SStreet</attalias><attrtype Sync="TRUE">String</attrtype><attwidth Sync="TRUE">50</attwidth><atprecis Sync="TRUE">0</atprecis><attscale Sync="TRUE">0</attscale></attr><attr><attrlabl>Range</attrlabl><attalias Sync="TRUE">Range</attalias><attrtype Sync="TRUE">Integer</attrtype><attwidth Sync="TRUE">5</attwidth><atprecis Sync="TRUE">5</atprecis><attscale Sync="TRUE">0</attscale></attr><attr><attrlabl>HomeOwEx</attrlabl><attalias Sync="TRUE">HomeOwEx</attalias><attrtype Sync="TRUE">Integer</attrtype><attwidth Sync="TRUE">10</attwidth><atprecis Sync="TRUE">10</atprecis><attscale Sync="TRUE">0</attscale></attr><attr><attrlabl>MZip</attrlabl><attalias Sync="TRUE">MZip</attalias><attrtype Sync="TRUE">String</attrtype><attwidth Sync="TRUE">5</attwidth><atprecis Sync="TRUE">0</atprecis><attscale Sync="TRUE">0</attscale></attr><attr><attrlabl>MStrSuffix</attrlabl><attalias Sync="TRUE">MStrSuffix</attalias><attrtype Sync="TRUE">String</attrtype><attwidth Sync="TRUE">4</attwidth><atprecis Sync="TRUE">0</atprecis><attscale Sync="TRUE">0</attscale></attr><attr><attrlabl>DocNum</attrlabl><attalias Sync="TRUE">DocNum</attalias><attrtype Sync="TRUE">String</attrtype><attwidth Sync="TRUE">10</attwidth><atprecis Sync="TRUE">0</atprecis><attscale Sync="TRUE">0</attscale></attr><attr><attrlabl>PerPropDec</attrlabl><attalias Sync="TRUE">PerPropDec</attalias><attrtype Sync="TRUE">Integer</attrtype><attwidth Sync="TRUE">10</attwidth><atprecis Sync="TRUE">10</atprecis><attscale Sync="TRUE">0</attscale></attr><attr><attrlabl>SUnitNumb</attrlabl><attalias Sync="TRUE">SUnitNumb</attalias><attrtype Sync="TRUE">String</attrtype><attwidth Sync="TRUE">8</attwidth><atprecis Sync="TRUE">0</atprecis><attscale Sync="TRUE">0</attscale></attr><attr><attrlabl>UseCode</attrlabl><attalias Sync="TRUE">UseCode</attalias><attrtype Sync="TRUE">String</attrtype><attwidth Sync="TRUE">4</attwidth><atprecis Sync="TRUE">0</atprecis><attscale Sync="TRUE">0</attscale></attr><attr><attrlabl>MUnitType</attrlabl><attalias Sync="TRUE">MUnitType</attalias><attrtype Sync="TRUE">String</attrtype><attwidth Sync="TRUE">4</attwidth><atprecis Sync="TRUE">0</atprecis><attscale Sync="TRUE">0</attscale></attr><attr><attrlabl>RecMapDate</attrlabl><attalias Sync="TRUE">RecMapDate</attalias><attrtype Sync="TRUE">String</attrtype><attwidth Sync="TRUE">254</attwidth><atprecis Sync="TRUE">0</atprecis><attscale Sync="TRUE">0</attscale></attr><attr><attrlabl>SUnitType</attrlabl><attalias Sync="TRUE">SUnitType</attalias><attrtype Sync="TRUE">String</attrtype><attwidth Sync="TRUE">4</attwidth><atprecis Sync="TRUE">0</atprecis><attscale Sync="TRUE">0</attscale></attr><attr><attrlabl>SZipExt</attrlabl><attalias Sync="TRUE">SZipExt</attalias><attrtype Sync="TRUE">String</attrtype><attwidth Sync="TRUE">4</attwidth><atprecis Sync="TRUE">0</atprecis><attscale Sync="TRUE">0</attscale></attr><attr><attrlabl>Net_AV</attrlabl><attalias Sync="TRUE">Net_AV</attalias><attrtype Sync="TRUE">Integer</attrtype><attwidth Sync="TRUE">10</attwidth><atprecis Sync="TRUE">10</atprecis><attscale Sync="TRUE">0</attscale></attr><attr><attrlabl>MapType</attrlabl><attalias Sync="TRUE">MapType</attalias><attrtype Sync="TRUE">String</attrtype><attwidth Sync="TRUE">6</attwidth><atprecis Sync="TRUE">0</atprecis><attscale Sync="TRUE">0</attscale></attr><attr><attrlabl>AsmRollId</attrlabl><attalias Sync="TRUE">AsmRollId</attalias><attrtype Sync="TRUE">Integer</attrtype><attwidth Sync="TRUE">10</attwidth><atprecis Sync="TRUE">10</atprecis><attscale Sync="TRUE">0</attscale></attr><attr><attrlabl>SFra</attrlabl><attalias Sync="TRUE">SFra</attalias><attrtype Sync="TRUE">String</attrtype><attwidth Sync="TRUE">4</attwidth><atprecis Sync="TRUE">0</atprecis><attscale Sync="TRUE">0</attscale></attr><attr><attrlabl>Net_Pers</attrlabl><attalias Sync="TRUE">Net_Pers</attalias><attrtype Sync="TRUE">Integer</attrtype><attwidth Sync="TRUE">10</attwidth><atprecis Sync="TRUE">10</atprecis><attscale Sync="TRUE">0</attscale></attr><attr><attrlabl>SCity</attrlabl><attalias Sync="TRUE">SCity</attalias><attrtype Sync="TRUE">String</attrtype><attwidth Sync="TRUE">30</attwidth><atprecis Sync="TRUE">0</atprecis><attscale Sync="TRUE">0</attscale></attr><attr><attrlabl>Section</attrlabl><attalias Sync="TRUE">Section</attalias><attrtype Sync="TRUE">Integer</attrtype><attwidth Sync="TRUE">5</attwidth><atprecis Sync="TRUE">5</atprecis><attscale Sync="TRUE">0</attscale></attr><attr><attrlabl>SZip</attrlabl><attalias Sync="TRUE">SZip</attalias><attrtype Sync="TRUE">String</attrtype><attwidth Sync="TRUE">5</attwidth><atprecis Sync="TRUE">0</atprecis><attscale Sync="TRUE">0</attscale></attr><attr><attrlabl>MCity</attrlabl><attalias Sync="TRUE">MCity</attalias><attrtype Sync="TRUE">String</attrtype><attwidth Sync="TRUE">30</attwidth><atprecis Sync="TRUE">0</atprecis><attscale Sync="TRUE">0</attscale></attr><attr><attrlabl>PersPropUn</attrlabl><attalias Sync="TRUE">PersPropUn</attalias><attrtype Sync="TRUE">Integer</attrtype><attwidth Sync="TRUE">10</attwidth><atprecis Sync="TRUE">10</atprecis><attscale Sync="TRUE">0</attscale></attr><attr><attrlabl>Apn9</attrlabl><attalias Sync="TRUE">Apn9</attalias><attrtype Sync="TRUE">String</attrtype><attwidth Sync="TRUE">9</attwidth><atprecis Sync="TRUE">0</atprecis><attscale Sync="TRUE">0</attscale></attr><attr><attrlabl>SNum</attrlabl><attalias Sync="TRUE">SNum</attalias><attrtype Sync="TRUE">String</attrtype><attwidth Sync="TRUE">6</attwidth><atprecis Sync="TRUE">0</atprecis><attscale Sync="TRUE">0</attscale></attr><attr><attrlabl>MobileHome</attrlabl><attalias Sync="TRUE">MobileHome</attalias><attrtype Sync="TRUE">Integer</attrtype><attwidth Sync="TRUE">10</attwidth><atprecis Sync="TRUE">10</atprecis><attscale Sync="TRUE">0</attscale></attr><attr><attrlabl>MDir</attrlabl><attalias Sync="TRUE">MDir</attalias><attrtype Sync="TRUE">String</attrtype><attwidth Sync="TRUE">2</attwidth><atprecis Sync="TRUE">0</atprecis><attscale Sync="TRUE">0</attscale></attr><attr><attrlabl>MUnitNumb</attrlabl><attalias Sync="TRUE">MUnitNumb</attalias><attrtype Sync="TRUE">String</attrtype><attwidth Sync="TRUE">8</attwidth><atprecis Sync="TRUE">0</atprecis><attscale Sync="TRUE">0</attscale></attr><attr><attrlabl>APN</attrlabl><attalias Sync="TRUE">APN</attalias><attrtype Sync="TRUE">String</attrtype><attwidth Sync="TRUE">11</attwidth><atprecis Sync="TRUE">0</atprecis><attscale Sync="TRUE">0</attscale></attr><attr><attrlabl>SStreetSuf</attrlabl><attalias Sync="TRUE">SStreetSuf</attalias><attrtype Sync="TRUE">String</attrtype><attwidth Sync="TRUE">4</attwidth><atprecis Sync="TRUE">0</atprecis><attscale Sync="TRUE">0</attscale></attr><attr><attrlabl>M_Address1</attrlabl><attalias Sync="TRUE">M_Address1</attalias><attrtype Sync="TRUE">String</attrtype><attwidth Sync="TRUE">60</attwidth><atprecis Sync="TRUE">0</atprecis><attscale Sync="TRUE">0</attscale></attr><attr><attrlabl>ValReason</attrlabl><attalias Sync="TRUE">ValReason</attalias><attrtype Sync="TRUE">String</attrtype><attwidth Sync="TRUE">4</attwidth><atprecis Sync="TRUE">0</atprecis><attscale Sync="TRUE">0</attscale></attr><attr><attrlabl>UnitNum</attrlabl><attalias Sync="TRUE">UnitNum</attalias><attrtype Sync="TRUE">String</attrtype><attwidth Sync="TRUE">5</attwidth><atprecis Sync="TRUE">0</atprecis><attscale Sync="TRUE">0</attscale></attr><attr><attrlabl>NonTaxCode</attrlabl><attalias Sync="TRUE">NonTaxCode</attalias><attrtype Sync="TRUE">String</attrtype><attwidth Sync="TRUE">2</attwidth><atprecis Sync="TRUE">0</atprecis><attscale Sync="TRUE">0</attscale></attr><attr><attrlabl>Acreage</attrlabl><attalias Sync="TRUE">Acreage</attalias><attrtype Sync="TRUE">Double</attrtype><attwidth Sync="TRUE">19</attwidth><atprecis Sync="TRUE">0</atprecis><attscale Sync="TRUE">0</attscale></attr><attr><attrlabl>Bedrooms</attrlabl><attalias Sync="TRUE">Bedrooms</attalias><attrtype Sync="TRUE">Integer</attrtype><attwidth Sync="TRUE">10</attwidth><atprecis Sync="TRUE">10</atprecis><attscale Sync="TRUE">0</attscale></attr><attr><attrlabl>Exemptions</attrlabl><attalias Sync="TRUE">Exemptions</attalias><attrtype Sync="TRUE">Integer</attrtype><attwidth Sync="TRUE">10</attwidth><atprecis Sync="TRUE">10</atprecis><attscale Sync="TRUE">0</attscale></attr><attr><attrlabl>MZipExt</attrlabl><attalias Sync="TRUE">MZipExt</attalias><attrtype Sync="TRUE">String</attrtype><attwidth Sync="TRUE">4</attwidth><atprecis Sync="TRUE">0</atprecis><attscale Sync="TRUE">0</attscale></attr><attr><attrlabl>POBox</attrlabl><attalias Sync="TRUE">POBox</attalias><attrtype Sync="TRUE">String</attrtype><attwidth Sync="TRUE">20</attwidth><atprecis Sync="TRUE">0</atprecis><attscale Sync="TRUE">0</attscale></attr><attr><attrlabl>NetSecVal</attrlabl><attalias Sync="TRUE">NetSecVal</attalias><attrtype Sync="TRUE">Integer</attrtype><attwidth Sync="TRUE">10</attwidth><atprecis Sync="TRUE">10</atprecis><attscale Sync="TRUE">0</attscale></attr><attr><attrlabl>SHAPE</attrlabl><attrdef>Feature geometry.</attrdef><attrdefs>Esri</attrdefs><attrdomv><udom>Coordinates defining the features.</udom></attrdomv><attalias Sync="TRUE">Shape</attalias><attrtype Sync="TRUE">Geometry</attrtype><attwidth Sync="TRUE">0</attwidth><atprecis Sync="TRUE">0</atprecis><attscale Sync="TRUE">0</attscale></attr><attr><attrlabl>Pct</attrlabl><attalias Sync="TRUE">Pct</attalias><attrtype Sync="TRUE">Double</attrtype><attwidth Sync="TRUE">19</attwidth><atprecis Sync="TRUE">0</atprecis><attscale Sync="TRUE">0</attscale></attr><attr><attrlabl>LivImpr</attrlabl><attalias Sync="TRUE">LivImpr</attalias><attrtype Sync="TRUE">Integer</attrtype><attwidth Sync="TRUE">10</attwidth><atprecis Sync="TRUE">10</atprecis><attscale Sync="TRUE">0</attscale></attr><attr><attrlabl>ExempCode</attrlabl><attalias Sync="TRUE">ExempCode</attalias><attrtype Sync="TRUE">String</attrtype><attwidth Sync="TRUE">3</attwidth><atprecis Sync="TRUE">0</atprecis><attscale Sync="TRUE">0</attscale></attr><attr><attrlabl>Net_Impr</attrlabl><attalias Sync="TRUE">Net_Impr</attalias><attrtype Sync="TRUE">Integer</attrtype><attwidth Sync="TRUE">10</attwidth><atprecis Sync="TRUE">10</atprecis><attscale Sync="TRUE">0</attscale></attr><attr><attrlabl>RecMapNum</attrlabl><attalias Sync="TRUE">RecMapNum</attalias><attrtype Sync="TRUE">String</attrtype><attwidth Sync="TRUE">7</attwidth><atprecis Sync="TRUE">0</atprecis><attscale Sync="TRUE">0</attscale></attr><attr><attrlabl>Net_UNX</attrlabl><attalias Sync="TRUE">Net_UNX</attalias><attrtype Sync="TRUE">Integer</attrtype><attwidth Sync="TRUE">10</attwidth><atprecis Sync="TRUE">10</atprecis><attscale Sync="TRUE">0</attscale></attr><attr><attrlabl>LandUse</attrlabl><attalias Sync="TRUE">LandUse</attalias><attrtype Sync="TRUE">String</attrtype><attwidth Sync="TRUE">50</attwidth><atprecis Sync="TRUE">0</atprecis><attscale Sync="TRUE">0</attscale></attr><attr><attrlabl>DocDate</attrlabl><attalias Sync="TRUE">DocDate</attalias><attrtype Sync="TRUE">String</attrtype><attwidth Sync="TRUE">254</attwidth><atprecis Sync="TRUE">0</atprecis><attscale Sync="TRUE">0</attscale></attr><attr><attrlabl>LotNum</attrlabl><attalias Sync="TRUE">LotNum</attalias><attrtype Sync="TRUE">String</attrtype><attwidth Sync="TRUE">16</attwidth><atprecis Sync="TRUE">0</atprecis><attscale Sync="TRUE">0</attscale></attr><attr><attrlabl>LandValue</attrlabl><attalias Sync="TRUE">LandValue</attalias><attrtype Sync="TRUE">Integer</attrtype><attwidth Sync="TRUE">10</attwidth><atprecis Sync="TRUE">10</atprecis><attscale Sync="TRUE">0</attscale></attr><attr><attrlabl>Situs2</attrlabl><attalias Sync="TRUE">Situs2</attalias><attrtype Sync="TRUE">String</attrtype><attwidth Sync="TRUE">30</attwidth><atprecis Sync="TRUE">0</atprecis><attscale Sync="TRUE">0</attscale></attr><attr><attrlabl>WEB_LINK</attrlabl><attalias Sync="TRUE">WEB_LINK</attalias><attrtype Sync="TRUE">String</attrtype><attwidth Sync="TRUE">59</attwidth><atprecis Sync="TRUE">0</atprecis><attscale Sync="TRUE">0</attscale></attr><attr><attrlabl>Situs1</attrlabl><attalias Sync="TRUE">Situs1</attalias><attrtype Sync="TRUE">String</attrtype><attwidth Sync="TRUE">35</attwidth><atprecis Sync="TRUE">0</atprecis><attscale Sync="TRUE">0</attscale></attr><attr><attrlabl>MStreet</attrlabl><attalias Sync="TRUE">MStreet</attalias><attrtype Sync="TRUE">String</attrtype><attwidth Sync="TRUE">50</attwidth><atprecis Sync="TRUE">0</atprecis><attscale Sync="TRUE">0</attscale></attr><attr><attrlabl>SDir</attrlabl><attalias Sync="TRUE">SDir</attalias><attrtype Sync="TRUE">String</attrtype><attwidth Sync="TRUE">2</attwidth><atprecis Sync="TRUE">0</atprecis><attscale Sync="TRUE">0</attscale></attr><attr><attrlabl>MNumber</attrlabl><attalias Sync="TRUE">MNumber</attalias><attrtype Sync="TRUE">String</attrtype><attwidth Sync="TRUE">6</attwidth><atprecis Sync="TRUE">0</atprecis><attscale Sync="TRUE">0</attscale></attr><attr><attrlabl>M_Address2</attrlabl><attalias Sync="TRUE">M_Address2</attalias><attrtype Sync="TRUE">String</attrtype><attwidth Sync="TRUE">50</attwidth><atprecis Sync="TRUE">0</atprecis><attscale Sync="TRUE">0</attscale></attr><attr><attrlabl>PropID</attrlabl><attalias Sync="TRUE">PropID</attalias><attrtype Sync="TRUE">String</attrtype><attwidth Sync="TRUE">9</attwidth><atprecis Sync="TRUE">0</atprecis><attscale Sync="TRUE">0</attscale></attr><attr><attrlabl>TaxBill</attrlabl><attalias Sync="TRUE">TaxBill</attalias><attrtype Sync="TRUE">String</attrtype><attwidth Sync="TRUE">120</attwidth><atprecis Sync="TRUE">0</atprecis><attscale Sync="TRUE">0</attscale></attr><attr><attrlabl>BkPgLnk</attrlabl><attalias Sync="TRUE">BkPgLnk</attalias><attrtype Sync="TRUE">String</attrtype><attwidth Sync="TRUE">49</attwidth><atprecis Sync="TRUE">0</atprecis><attscale Sync="TRUE">0</attscale></attr><attr><attrlabl>TradeFix</attrlabl><attalias Sync="TRUE">TradeFix</attalias><attrtype Sync="TRUE">Integer</attrtype><attwidth Sync="TRUE">10</attwidth><atprecis Sync="TRUE">10</atprecis><attscale Sync="TRUE">0</attscale></attr><attr><attrlabl>SBENo</attrlabl><attalias Sync="TRUE">SBENo</attalias><attrtype Sync="TRUE">String</attrtype><attwidth Sync="TRUE">50</attwidth><atprecis Sync="TRUE">0</atprecis><attscale Sync="TRUE">0</attscale></attr><attr><attrlabl>SqFootage</attrlabl><attalias Sync="TRUE">SqFootage</attalias><attrtype Sync="TRUE">Integer</attrtype><attwidth Sync="TRUE">10</attwidth><atprecis Sync="TRUE">10</atprecis><attscale Sync="TRUE">0</attscale></attr><attr><attrlabl>StrImpr</attrlabl><attalias Sync="TRUE">StrImpr</attalias><attrtype Sync="TRUE">Integer</attrtype><attwidth Sync="TRUE">10</attwidth><atprecis Sync="TRUE">10</atprecis><attscale Sync="TRUE">0</attscale></attr><attr><attrlabl>RecMapBook</attrlabl><attalias Sync="TRUE">RecMapBook</attalias><attrtype Sync="TRUE">String</attrtype><attwidth Sync="TRUE">11</attwidth><atprecis Sync="TRUE">0</atprecis><attscale Sync="TRUE">0</attscale></attr><attr><attrlabl>YearBuilt</attrlabl><attalias Sync="TRUE">YearBuilt</attalias><attrtype Sync="TRUE">String</attrtype><attwidth Sync="TRUE">4</attwidth><atprecis Sync="TRUE">0</atprecis><attscale Sync="TRUE">0</attscale></attr><attr><attrlabl>BlockSecti</attrlabl><attalias Sync="TRUE">BlockSecti</attalias><attrtype Sync="TRUE">String</attrtype><attwidth Sync="TRUE">7</attwidth><atprecis Sync="TRUE">0</atprecis><attscale Sync="TRUE">0</attscale></attr><attr><attrlabl>TRA</attrlabl><attalias Sync="TRUE">TRA</attalias><attrtype Sync="TRUE">String</attrtype><attwidth Sync="TRUE">6</attwidth><atprecis Sync="TRUE">0</atprecis><attscale Sync="TRUE">0</attscale></attr><attr><attrlabl>Area</attrlabl><attalias Sync="TRUE">Area</attalias><attrtype Sync="TRUE">Double</attrtype><attwidth Sync="TRUE">19</attwidth><atprecis Sync="TRUE">0</atprecis><attscale Sync="TRUE">0</attscale></attr><attr><attrlabl>AreaUnit</attrlabl><attalias Sync="TRUE">AreaUnit</attalias><attrtype Sync="TRUE">String</attrtype><attwidth Sync="TRUE">2</attwidth><atprecis Sync="TRUE">0</atprecis><attscale Sync="TRUE">0</attscale></attr><attr><attrlabl>PctTransf</attrlabl><attalias Sync="TRUE">PctTransf</attalias><attrtype Sync="TRUE">Double</attrtype><attwidth Sync="TRUE">19</attwidth><atprecis Sync="TRUE">0</atprecis><attscale Sync="TRUE">0</attscale></attr><attr><attrlabl>AgPres</attrlabl><attalias Sync="TRUE">AgPres</attalias><attrtype Sync="TRUE">String</attrtype><attwidth Sync="TRUE">10</attwidth><atprecis Sync="TRUE">0</atprecis><attscale Sync="TRUE">0</attscale></attr><attr><attrlabl>Bathrooms</attrlabl><attalias Sync="TRUE">Bathrooms</attalias><attrtype Sync="TRUE">Double</attrtype><attwidth Sync="TRUE">19</attwidth><atprecis Sync="TRUE">0</atprecis><attscale Sync="TRUE">0</attscale></attr><attr><attrlabl>MState</attrlabl><attalias Sync="TRUE">MState</attalias><attrtype Sync="TRUE">String</attrtype><attwidth Sync="TRUE">50</attwidth><atprecis Sync="TRUE">0</atprecis><attscale Sync="TRUE">0</attscale></attr></detailed><overview><eaover>The key non-spatial attributes are the Assessor's Parcel Number (APN) which is the designator for the assessment bill, and the layer, which allows a more complex spatial relationship for display purposes, showing the condominium unit floor, or the generalized footprint of a mobile home, for instance. The Assessor roll information is joined to into this shape file creating additional non-spacial attributes. there are tables provided with the shape file that explain the codes provided in this data.</eaover></overview></eainfo><mdLang><languageCode value="eng" Sync="TRUE"/><countryCode value="USA" Sync="TRUE"/></mdLang><distInfo><distFormat><formatName Sync="TRUE">Shapefile</formatName></distFormat><distTranOps><transSize Sync="TRUE">0.000</transSize></distTranOps></distInfo><mdHrLvName Sync="TRUE">dataset</mdHrLvName><refSysInfo><RefSystem><refSysID><identCode code="2229" Sync="TRUE"/><idCodeSpace Sync="TRUE">EPSG</idCodeSpace><idVersion Sync="TRUE">5.3(9.0.0)</idVersion></refSysID></RefSystem></refSysInfo><spdoinfo><ptvctinf><esriterm Name="updated_raw_parcels"><efeatyp Sync="TRUE">Simple</efeatyp><efeageom code="4" Sync="TRUE"></efeageom><esritopo Sync="TRUE">FALSE</esritopo><efeacnt Sync="TRUE">0</efeacnt><spindex Sync="TRUE">FALSE</spindex><linrefer Sync="TRUE">FALSE</linrefer></esriterm></ptvctinf></spdoinfo></metadata>
